Open Price,High Price,Low Price,Close Price,Volume,Technical Indicators (Some available)
198.66,803.92,665.19,894.19,-1.6349,-0.0504
868.86,41.79,200.65,249.14,-2.3491,-1.2079
473.19,247.09,166.15,749.06,0.6766,-0.416
762.7,26.35,310.48,634.96,-0.6897,-0.736
115.82,677.53,988.05,60.49,2.8914,0.031
89.7,456.25,205.52,576.77,0.3138,-0.4684
507.38,37.93,138.4,206.76,-1.5908,-0.0484
333.23,308.45,413.84,364.46,-0.8313,-1.0666
105.64,234.9,970.54,851.69,0.3565,0.3029
77.89,25.58,245.7,271.84,0.6835,0.1547
397.64,118.17,352.98,702.12,1.2066,-0.8368
435.44,935.52,528.61,415.53,0.7297,0.4499
621.71,160.14,230.98,721.97,-1.6512,1.5817
931.43,759.08,235.59,777.11,-1.1028,-1.0556
795.75,277.77,135.31,311.61,0.2159,-0.5563
733.74,995.02,66.6,200.39,-0.9923,1.2194
442.28,987.99,569.3,274.61,-0.71,-0.3672
539.66,886.26,595.84,364.5,-1.6669,-0.3042
318.72,756.23,743.74,357.09,-0.894,-0.455
127.17,42.82,992.5,609.77,-0.2274,0.0332
165.01,381.05,15.02,768.31,1.6427,-1.1851
720.17,321.68,82.64,768.89,0.1481,0.8601
479.39,913.6,337.53,609.36,-0.2008,0.4762
816.32,158.35,195.57,482.08,-0.0602,-0.8223
295.59,949.87,49.43,600.95,-2.6133,-0.0589
515.98,356.53,915.96,246.21,-0.7026,-0.1693
607.22,410.3,275.55,832.98,-0.5363,0.1759
542.15,84.31,329.69,558.17,-0.5541,1.9804
654.23,922.76,945.58,946.01,-0.9843,0.863
419.7,770.74,470.54,224.33,-0.9156,-0.0351
681.97,112.7,654.96,506.68,0.4982,0.1832
86.81,275.47,953.03,531.6,-0.7129,2.349
661.94,970.94,342.85,107.57,-1.1365,-0.4882
266.17,384.97,806.26,534.11,1.9566,-0.136
342.65,17.42,914.19,638.48,0.1218,0.0825
856.38,54.8,929.8,376.57,1.801,0.382
571.84,404.08,312.78,267.14,0.26,-0.3873
601.37,514.55,416.32,952.71,1.8044,0.9702
82.03,13.73,568.35,404.47,-0.5713,-0.1772
143.33,716.35,966.74,228.6,0.7912,-0.2717
760.49,162.0,454.2,73.79,0.1498,-1.4099
992.47,614.46,60.84,640.84,-0.5532,1.0168
540.11,940.63,227.18,993.01,1.9789,-0.4945
45.47,991.25,323.45,754.74,0.5586,-1.0051
663.15,678.54,233.81,375.01,-0.4419,0.7232
896.18,968.13,106.34,864.31,1.1827,-1.2483
328.82,918.3,440.53,426.11,0.8601,0.84
54.01,432.77,552.29,104.9,0.9858,1.4896
995.9,335.45,670.4,747.62,-0.843,1.3125
535.4,234.16,139.02,937.43,0.9992,0.4047
425.16,561.55,309.39,792.74,0.0363,0.6318
962.62,390.25,573.26,196.05,0.9214,-0.3592
40.47,301.45,452.45,495.79,-0.1722,-0.8927
447.81,22.36,245.04,491.23,0.8797,-1.1899
685.44,920.33,464.78,533.78,1.7228,0.4538
78.49,701.91,702.43,706.82,-0.1456,-0.2199
117.43,104.13,42.82,547.69,0.7906,1.768
94.04,126.43,85.57,463.96,-0.0137,-0.5623
816.9,928.76,111.08,653.54,-0.5433,-0.2547
760.29,160.87,858.8,371.18,-1.0181,1.173
191.77,44.46,783.05,582.7,-1.2661,0.1122
402.33,910.78,904.9,586.16,0.2543,-1.2715
423.24,656.77,865.07,59.8,-1.0336,-1.2019
22.89,661.76,668.22,128.47,-0.3396,-1.1559
905.94,751.53,553.59,72.31,-0.2899,-1.8015
709.72,874.27,872.27,937.03,1.3369,-1.9685
945.78,807.61,525.47,262.42,0.0855,1.3206
247.98,980.94,690.39,212.56,-1.3645,-0.5185
730.99,727.29,498.94,670.13,-1.5909,-1.1826
66.45,956.62,687.81,112.14,1.9351,1.6235
287.61,459.15,536.3,811.25,1.3812,-0.7725
430.26,296.51,990.38,138.69,-0.8469,-0.2721
914.38,401.62,910.71,603.18,-0.1439,0.9179
305.61,122.2,530.64,50.29,0.5055,-1.0186
290.06,232.78,323.17,963.16,1.5236,0.9256
247.67,524.8,361.06,244.76,0.2931,-0.2905
916.77,857.75,412.67,686.15,0.337,0.8976
403.25,219.08,149.04,55.2,-0.2751,0.5589
516.05,563.71,71.28,757.44,2.1341,0.0278
14.96,220.58,769.46,171.98,-1.5925,-1.7091
585.3,958.18,858.65,644.1,1.5437,0.1448
932.46,831.85,751.47,236.13,0.0383,0.9384
827.64,484.02,767.71,137.57,-0.3168,-0.7664
322.09,729.35,219.43,568.69,0.0846,-2.1498
956.43,835.12,633.79,361.43,-0.6703,-0.4494
508.61,729.99,237.63,469.37,1.9175,-1.501
638.27,27.85,974.62,76.57,-0.7013,0.7541
147.71,332.1,506.45,684.87,-1.2119,-0.2438
839.51,128.98,300.39,369.2,-0.2221,0.5715
38.82,833.22,475.15,695.98,0.1749,-0.2494
688.6,837.49,292.47,313.0,0.5178,-0.8361
305.29,166.25,135.76,909.89,-0.8766,0.984
520.86,126.35,38.53,966.62,1.0957,1.2423
490.0,273.7,534.6,83.03,-0.3563,0.2513
439.36,591.01,982.46,297.13,1.0914,-2.6273
634.21,712.21,558.97,72.43,2.3142,-1.2439
582.1,493.88,346.92,395.82,0.1675,0.9605
611.88,280.29,334.34,528.39,0.6144,0.4602
248.36,736.49,40.65,946.01,2.4817,0.7666
96.23,501.06,657.16,634.52,1.2783,2.2718
960.45,209.25,535.42,676.64,2.4422,0.0681
732.86,278.29,442.6,896.3,-1.2212,0.0498
102.71,987.32,994.64,439.25,0.2235,1.2085
929.69,200.66,729.21,465.45,-0.9313,-0.9226
865.94,797.0,755.75,847.59,-0.8796,-0.7075
825.2,385.48,718.69,943.55,-1.3409,-0.8476
672.55,789.22,327.48,450.35,-1.1168,0.2711
948.76,111.83,964.2,490.11,0.0436,-1.8661
552.25,654.08,405.57,920.48,-0.0749,-0.7393
315.86,87.24,597.66,236.37,-0.2969,-0.2635
27.84,965.91,785.22,210.36,-0.9578,0.3284
896.71,224.53,492.71,695.21,0.4155,-0.3862
833.0,462.67,709.2,446.73,-0.3773,0.5081
531.02,572.39,776.89,437.88,-0.5013,-1.5233
126.99,428.63,854.84,164.09,-0.8625,0.1078
177.47,669.29,138.14,90.36,2.2877,-0.5562
687.61,158.14,914.77,974.63,0.398,0.2065
112.65,201.19,774.52,657.73,1.943,0.6917
559.17,416.98,745.79,406.93,-0.114,0.9882
679.13,275.25,243.79,837.78,0.0455,0.0832
218.16,162.99,770.01,874.01,-0.5505,-0.1386
642.9,783.03,558.25,987.75,1.3182,1.2557
886.12,294.08,558.9,75.83,-1.1351,0.6076
634.34,519.02,765.58,721.36,2.2731,0.9149
171.2,17.25,503.04,861.72,-1.1328,0.1929
630.95,628.38,374.04,993.03,1.7524,1.0773
674.86,602.47,781.73,463.64,-2.2698,-0.4866
890.61,389.87,284.29,210.15,0.5155,-0.273
877.91,855.34,284.77,383.43,1.499,0.4767
791.0,617.27,884.74,339.01,-0.6337,1.1509
614.89,88.58,293.0,607.04,-0.0706,-0.9278
339.31,737.69,333.22,809.29,0.5175,-1.1399
56.56,49.72,477.34,691.66,-1.4894,2.0937
636.95,566.65,625.3,459.91,0.3677,-0.1698
318.74,679.69,797.91,617.73,-1.0281,-1.5791
466.38,458.02,973.45,96.8,0.756,0.6965
358.83,492.33,569.0,127.6,-1.5866,-0.2247
287.76,744.9,744.9,164.47,-0.8631,-1.6787
780.17,300.05,345.24,258.42,0.45,0.2695
385.22,249.84,747.49,575.88,-0.5906,-0.6274
908.74,90.97,476.72,812.88,1.1814,-0.5021
622.64,166.44,472.68,61.72,-0.8563,-0.1973
311.59,621.08,50.97,588.56,-1.1751,-1.0058
944.12,155.92,609.33,112.83,1.9461,3.3198
967.84,571.05,450.36,629.15,-1.1474,2.2175
277.72,816.7,104.75,491.86,0.8568,1.0824
773.25,351.31,824.66,136.07,-1.7711,-1.6493
195.68,820.49,822.35,577.62,0.5388,1.5394
126.71,525.27,424.8,209.5,-1.5409,-0.5255
468.05,832.56,628.2,592.34,-1.3264,-0.6763
551.9,785.52,82.42,561.55,-0.572,-0.0594
159.68,601.82,444.92,809.45,-1.7351,1.0459
348.02,306.82,594.88,557.96,2.4054,1.216
936.22,107.98,39.63,561.74,1.2331,0.1722
843.99,745.54,152.15,462.68,-1.09,-0.7877
955.27,311.94,130.32,436.91,-0.7432,0.5751
270.24,467.32,56.52,897.92,-0.2168,-0.6272
348.88,857.63,672.6,31.76,0.7492,1.812
541.21,626.18,67.24,949.07,2.0487,-0.0544
515.85,988.06,767.64,604.83,-1.417,-1.8349
67.8,375.33,502.17,59.31,1.1635,1.3925
32.98,125.59,594.87,640.45,0.7999,-1.6911
977.45,120.58,107.67,610.52,0.886,0.7442
390.07,502.72,773.2,990.97,0.6886,-1.2141
516.26,782.21,625.63,602.48,0.952,-0.1525
489.44,150.07,828.6,313.43,-0.944,-1.0745
376.26,990.49,369.92,511.11,1.7279,-0.2799
959.46,228.39,771.68,178.31,0.6266,0.8614
69.05,750.02,132.98,958.63,0.929,0.3392
530.29,747.76,519.2,520.4,-0.1253,1.8418
813.71,24.68,31.72,83.62,-0.5072,1.1623
685.78,274.4,266.33,18.22,-0.7737,1.3149
427.8,147.94,584.11,999.58,1.2188,0.7016
187.18,127.24,665.26,300.08,-0.0825,0.5498
325.54,964.99,823.0,605.72,1.5724,-0.3241
391.74,651.37,490.38,992.12,0.3816,0.511
557.63,741.6,224.15,734.59,-0.4191,0.6831
322.86,731.85,555.55,888.07,-0.479,0.33
333.93,624.25,991.67,700.87,0.3674,-0.3198
227.23,537.03,474.43,885.87,0.2401,-0.3118
97.47,809.51,264.99,989.96,-0.1762,0.4913
805.0,946.35,580.24,901.12,-0.5245,-1.0713
93.9,507.88,252.93,373.82,-0.8702,0.6867
627.79,743.32,30.14,574.14,-0.1779,-0.9705
320.74,808.43,243.61,575.31,0.9429,-0.3983
318.04,934.2,181.58,162.87,-0.7443,-0.5024
288.12,57.02,793.6,871.23,2.2451,-0.6241
465.68,711.81,986.65,632.52,0.7609,0.097
188.86,281.33,668.58,678.9,-1.3898,0.0518
529.9,113.61,79.12,77.63,0.9153,1.715
805.3,980.51,743.64,336.44,0.6197,0.0262
139.77,916.15,563.9,317.08,-0.6757,-0.8579
442.35,886.11,433.33,47.31,-0.5815,0.9982
426.88,251.42,854.38,222.31,-0.6262,0.0822
386.35,772.27,721.2,587.9,0.6269,1.6238
584.06,419.33,418.88,573.07,-0.2151,-0.1034
911.78,163.15,944.96,927.96,0.5136,-0.3716
983.66,100.75,845.78,665.93,0.2545,-1.6093
444.75,180.36,735.29,805.5,-0.9318,1.1766
91.83,561.92,600.07,208.41,1.0096,0.7043
263.81,624.82,996.68,58.83,-1.4298,1.7666
756.89,958.56,938.99,570.38,0.0786,0.321
434.97,135.45,75.47,703.35,-0.0007,-0.777
806.08,320.25,233.05,782.45,0.652,-0.0111
576.05,283.17,932.65,544.58,-0.1485,2.506
532.69,887.55,758.65,311.73,2.2265,1.6111
181.3,638.4,975.99,385.62,-3.2764,-1.1469
868.24,246.41,407.27,241.04,1.6325,1.0571
96.83,678.08,340.09,608.38,-2.8113,-1.0368
184.19,262.42,32.58,293.52,1.0132,0.0761
609.38,944.83,705.23,892.31,2.4252,1.5567
958.02,618.87,404.71,899.37,-2.4498,-0.1047
757.12,315.33,586.42,372.49,0.0024,0.2907
996.14,402.97,544.63,851.76,0.4761,0.4767
836.9,704.1,993.64,207.73,-0.6523,-1.6623
931.28,707.07,282.53,814.39,-0.5832,-0.9342
378.46,873.88,187.99,63.85,-1.3419,-0.5797
875.99,486.17,831.14,669.77,-0.6785,0.5548
348.55,766.59,706.82,784.37,-0.7379,0.2394
978.43,823.19,862.85,243.07,-0.741,-0.0916
39.47,510.38,202.03,942.23,1.6654,0.5406
490.93,268.41,840.2,173.93,-0.0399,-0.5683
925.89,143.52,430.68,736.77,0.5309,-0.2143
718.3,221.39,321.67,598.27,0.7777,-1.2141
610.47,154.67,677.45,799.56,-0.3362,1.8148
724.28,266.77,264.9,132.25,-0.4121,-0.285
171.42,139.64,982.71,932.71,-0.6486,-0.4288
189.66,177.37,333.02,116.03,1.199,-1.3329
727.23,544.44,476.6,473.55,-0.8455,-0.3871
295.63,598.23,644.5,288.15,1.3437,-0.3421
737.84,307.11,653.99,990.0,1.1677,-0.5859
739.84,187.42,925.82,560.94,-0.7546,-0.8729
426.05,917.33,241.35,280.51,-1.859,-1.8596
687.91,465.42,397.15,99.2,1.0812,-0.236
459.7,708.89,591.47,746.76,0.1942,1.124
420.08,484.53,376.88,104.8,-0.428,1.1135
145.73,70.53,536.46,72.18,0.5899,-0.9023
676.55,81.64,613.0,349.2,-0.8774,-0.8721
672.99,647.41,555.55,887.41,-0.61,0.1684
384.84,455.11,811.78,31.39,0.7014,-0.4911
543.81,528.14,22.71,679.99,0.1924,1.1727
515.28,106.87,35.53,62.31,0.6045,0.194
116.4,774.06,703.07,535.76,0.1422,0.9584
701.07,65.62,921.08,148.38,-0.6606,-0.6606
579.21,412.84,543.52,442.04,0.9178,-1.3346
933.92,658.44,300.75,22.37,-1.6818,-0.4439
821.69,855.83,503.31,418.17,0.0198,0.1771
696.2,527.86,742.44,985.11,0.1561,-1.9923
929.36,338.92,690.61,960.38,0.8471,-1.2187
787.39,308.26,335.88,614.24,-2.2445,-0.0356
717.49,723.66,581.8,110.22,1.1534,0.4436
956.22,415.7,272.26,634.95,1.0409,0.3444
812.73,835.97,348.66,823.31,0.964,0.1639
522.06,792.95,551.27,645.04,1.2815,-2.0307
956.33,879.99,235.78,18.28,-0.1407,-0.3343
287.45,32.9,951.17,591.54,0.9219,0.4942
85.84,391.31,45.63,441.12,-1.135,-0.1326
904.35,258.83,620.08,181.21,-1.6509,0.237
292.78,933.65,187.77,414.55,2.7475,-0.5027
108.79,894.42,48.33,233.72,0.4772,-0.4899
617.82,901.65,119.55,578.98,1.5505,0.3565
503.17,735.85,449.2,886.05,1.5751,-0.5731
136.41,17.12,180.61,361.65,-0.4005,-0.3952
755.68,337.22,239.25,46.24,0.2906,-1.0758
702.98,727.32,860.2,530.14,1.832,2.1409
511.41,597.11,459.45,859.19,1.593,0.4751
537.34,942.46,762.28,126.71,0.4759,0.1289
425.33,868.31,369.85,276.62,0.649,0.8223
477.41,987.96,599.97,297.49,-1.215,0.7073
35.62,447.21,750.54,627.38,1.4756,0.4133
613.27,287.77,172.6,452.3,1.0087,1.3635
686.39,720.91,218.3,711.02,1.0971,1.382
601.56,872.23,770.07,475.88,0.38,-2.0869
139.35,588.25,876.99,454.13,-0.2175,1.1327
774.92,751.84,575.29,448.83,0.7994,0.4471
148.04,774.79,764.73,652.41,1.1236,0.7697
486.75,815.5,733.58,755.58,1.2346,0.9415
327.86,309.83,414.49,600.33,0.2921,1.2594
394.98,399.44,301.43,795.88,-0.572,-1.863
198.35,316.27,359.78,968.21,-0.3443,0.5867
818.01,905.28,496.77,526.68,0.5785,-0.216
20.22,82.39,34.48,648.19,0.5914,-1.2236
728.79,522.64,314.8,185.01,0.3942,-0.9624
428.05,365.76,226.64,790.09,-0.6345,0.1581
102.34,92.73,464.82,259.8,-1.5386,-0.655
947.12,899.78,733.97,179.8,-0.022,-0.9974
520.73,551.23,690.93,74.08,-1.0106,-1.4899
893.55,903.61,731.99,675.93,0.1966,-0.2336
918.47,795.35,41.49,742.46,-0.4995,-1.4336
508.7,207.24,370.81,672.4,-1.0907,-0.0929
48.53,283.61,502.13,83.26,-0.4932,1.5779
745.62,578.01,41.62,734.71,-0.4904,0.1679
755.05,217.28,179.42,485.16,-0.6807,-1.1768
615.8,570.98,584.98,150.24,0.0579,1.8216
433.64,985.57,486.35,182.16,-1.0947,-0.1567
20.63,62.76,699.72,207.92,-0.1189,0.7766
396.72,507.22,234.29,660.29,1.7559,-1.349
405.7,39.55,962.15,245.99,0.4125,-1.501
337.51,848.03,885.17,31.98,-0.3351,0.6686
952.19,129.7,324.12,833.15,0.7921,-1.0583
699.66,525.02,472.01,333.11,0.9423,-0.1221
880.1,231.86,832.76,701.48,-0.7063,-1.1932
320.42,138.06,783.41,31.26,1.1169,1.9251
641.51,340.57,851.91,954.78,-0.5814,-0.0155
380.82,254.09,322.9,606.49,1.0338,0.7542
936.78,257.4,969.37,837.85,0.9292,-0.009
871.81,929.68,275.77,472.43,0.6669,-0.2718
158.9,333.71,217.39,324.46,-1.0207,0.1752
596.77,851.69,635.24,765.67,0.1818,-0.2075
875.94,939.15,738.25,358.94,-0.629,-0.3739
991.07,335.59,465.74,953.54,1.8281,0.0922
969.46,59.79,232.19,996.04,0.6867,-1.9804
718.29,470.36,402.58,755.4,-0.7439,-0.7125
198.05,234.07,260.15,92.99,0.7376,0.5602
423.5,255.55,848.92,182.88,0.8705,2.1132
571.83,727.57,433.97,185.1,-2.3367,-0.4079
73.81,542.75,830.15,382.72,1.4556,0.6219
610.68,542.22,782.21,690.44,-1.7471,0.8912
137.51,117.77,457.82,569.03,0.0543,-1.2897
347.3,42.98,199.05,219.46,1.592,-0.4194
939.38,147.33,619.85,445.88,-1.6464,0.1557
320.08,954.14,605.89,823.74,-0.5472,0.1988
983.37,22.3,673.06,911.19,0.7086,0.5784
598.68,465.83,845.39,998.89,-0.0014,-0.3365
736.15,192.28,891.8,401.47,0.5693,-0.2998
551.2,307.64,961.64,68.39,0.4375,-0.2816
327.29,270.93,679.59,690.89,0.0388,0.4848
121.1,20.43,117.67,608.69,0.3822,0.5025
370.58,659.31,715.69,817.52,1.4441,0.317
660.39,998.21,138.67,36.93,0.8303,0.0883
790.08,147.83,791.74,425.73,-0.5367,0.6576
349.99,993.8,270.4,688.62,-1.2273,-0.0666
116.92,469.31,766.67,660.11,0.2416,-0.6111
276.44,248.64,50.51,85.26,0.2333,-0.3551
558.2,399.1,59.38,176.81,-0.7234,2.0671
657.46,729.17,318.6,87.23,1.6683,0.718
865.32,187.86,442.6,911.0,-0.3502,-1.3333
473.62,737.13,519.54,923.41,0.0065,0.3726
79.36,554.3,251.22,321.63,-0.826,-1.2664
671.05,13.24,669.7,281.3,1.6475,1.067
956.13,596.09,418.16,177.49,0.6766,-0.464
451.09,729.77,425.92,573.69,0.1926,0.0107
568.95,996.76,889.13,416.07,0.2365,0.3149
484.49,48.54,716.34,752.6,-0.0899,1.3526
899.68,873.43,981.07,139.74,-0.7738,-1.1502
547.12,320.34,101.23,905.55,0.891,-0.7497
570.85,308.71,264.82,99.82,-0.3393,-1.5275
318.97,668.77,603.59,528.07,-0.9135,-1.1771
122.93,355.68,415.42,450.41,-0.7645,-1.3922
548.82,198.5,228.05,981.83,0.4396,0.2205
231.48,931.64,527.08,29.93,-0.4892,1.1793
165.21,257.93,736.57,922.93,-0.4542,-2.6905
850.32,430.57,995.34,895.44,-0.2175,1.7226
959.04,55.08,217.49,780.37,-0.5692,1.1746
814.26,171.37,486.14,614.91,0.643,0.4997
368.55,301.33,302.19,327.34,-0.1407,-1.1156
836.1,880.06,337.86,13.11,0.215,-0.4339
317.64,527.43,192.56,374.81,-1.2978,-1.1856
14.24,476.9,711.36,305.58,2.009,-0.0393
811.81,41.59,689.43,649.11,-2.0709,-0.0661
604.34,853.78,931.67,769.01,1.4258,-0.8752
571.26,88.69,496.62,581.5,-0.1713,-0.9929
123.27,521.43,236.64,687.25,0.6328,0.7631
431.45,567.14,310.96,110.02,-0.146,-1.2537
997.97,861.95,447.7,217.18,0.7699,0.433
377.63,272.73,998.7,23.22,-1.0715,-0.5913
506.48,113.98,993.35,159.63,0.3269,-0.9228
364.01,561.39,358.86,697.29,0.0223,-1.0312
893.48,348.9,740.68,627.38,-1.3451,-1.0874
403.96,768.09,749.48,633.01,0.3761,-0.8861
290.89,167.72,989.13,873.88,0.5633,-1.3273
285.3,354.83,98.52,471.85,-0.4111,1.7175
990.9,642.27,169.3,969.82,0.1872,1.2936
639.86,584.75,802.45,276.27,-1.2123,-0.726
108.15,258.23,477.86,849.14,0.7542,-1.1645
366.09,257.35,571.03,114.95,-1.2873,-0.2794
712.84,49.63,174.96,629.75,-1.2901,0.1089
38.96,387.43,587.51,832.95,-1.0389,-0.0025
508.82,438.59,636.38,521.3,-0.3364,-0.4328
59.55,72.0,480.02,788.01,0.8859,-0.9477
442.18,16.52,655.96,946.78,1.5967,-1.7775
904.86,459.86,166.2,895.27,-0.6991,-0.1616
632.53,198.44,448.41,469.72,-0.6644,1.7696
200.94,10.4,186.38,82.41,0.2172,-0.4127
355.2,831.11,431.17,270.56,-1.8165,0.7068
747.78,187.66,378.73,167.67,-0.5408,0.765
585.08,285.35,711.75,894.32,-0.3219,-0.1246
399.58,973.1,281.41,168.82,-0.5977,0.4005
148.75,310.79,905.25,690.05,1.3367,-0.5136
696.43,352.0,38.78,500.62,0.0083,0.0356
204.29,448.8,288.44,804.41,1.0704,1.1449
471.87,216.41,397.4,881.05,1.9012,0.4206
498.44,761.77,556.29,142.17,3.0014,-0.516
207.72,941.04,645.56,50.02,-0.6389,-0.5635
503.14,382.95,116.54,407.22,-0.5323,-1.4471
49.0,456.97,283.66,555.57,-0.5947,0.2708
910.8,825.32,954.27,576.75,-1.4938,-0.3185
657.12,226.49,228.63,874.33,-0.4867,0.4351
435.98,587.32,201.95,351.06,-2.3061,0.3042
450.79,212.13,187.84,669.61,0.7873,-0.0578
313.51,37.63,323.73,16.63,-1.3917,-1.8485
779.04,736.94,232.02,905.8,1.1961,1.2767
407.33,227.03,792.31,938.61,-0.6564,1.8268
982.78,221.03,306.57,740.04,0.1234,-0.2844
599.28,688.46,376.48,265.37,1.2278,-0.0634
468.61,689.96,162.71,574.32,-1.4536,-0.1142
620.45,429.23,750.99,701.24,1.525,-0.697
20.45,838.07,287.71,438.67,0.2283,-1.4966
829.76,624.53,209.31,264.3,1.4841,0.01
311.4,826.22,102.53,853.77,-0.1201,0.1918
357.82,167.31,563.58,658.89,0.7079,-0.9182
479.36,890.05,296.72,810.58,0.7322,1.2265
156.86,34.54,780.51,985.92,0.1209,-0.3127
166.12,951.34,863.91,768.69,1.4877,-0.2481
172.16,556.47,920.61,230.6,-1.5575,0.1395
892.28,915.43,579.92,630.52,-1.4912,-0.3194
614.93,801.83,600.58,746.42,-1.5155,-1.0812
641.22,570.71,989.34,452.42,-1.2806,0.1896
146.88,274.83,768.22,120.71,-0.3152,1.1248
947.43,597.92,132.91,917.64,-1.6747,1.2548
827.89,294.05,711.32,839.27,0.286,1.0366
345.6,291.08,504.11,19.01,1.0674,1.3637
634.73,25.27,324.56,832.33,0.0993,0.8617
792.82,208.86,527.36,936.96,-1.956,0.4569
363.9,902.03,644.36,759.01,1.4763,-0.3537
882.21,442.03,418.78,772.59,-1.1463,0.3307
537.25,822.64,984.66,264.12,1.2884,2.1366
718.25,798.62,806.19,656.62,0.6171,1.3103
117.4,39.75,258.06,211.74,0.1449,0.251
916.8,113.32,442.78,736.87,-1.178,0.1768
220.56,820.05,482.32,729.77,1.5392,-0.1329
960.95,640.65,645.11,595.82,0.9353,0.0912
843.58,219.22,830.7,785.46,0.1669,-0.2655
798.17,678.71,792.47,771.6,0.317,-1.1693
735.24,737.99,636.44,40.62,-1.857,0.6498
450.19,438.85,799.03,213.15,-1.0168,0.2361
915.78,461.72,197.5,715.74,0.3017,1.5942
64.94,636.61,913.56,469.48,-1.04,-0.216
649.52,982.41,264.56,480.66,0.5812,1.9544
947.26,340.39,84.81,141.64,-0.9292,0.6962
616.18,82.65,293.58,823.48,-1.1505,0.89
955.26,533.04,282.84,648.6,-0.8395,2.125
134.68,861.46,897.89,655.56,-0.5966,-0.6221
219.34,804.07,591.5,672.05,2.1195,-0.436
756.8,829.83,947.82,765.97,-0.7025,1.2298
328.48,286.26,494.6,170.89,0.0198,0.5031
590.61,76.97,681.15,87.94,-1.2567,-0.2466
569.43,402.77,608.33,780.23,0.2427,-0.0399
525.79,351.01,394.03,354.93,0.036,-0.7183
414.39,953.42,799.3,857.57,0.6567,-0.1965
869.83,579.47,363.73,67.93,-0.1409,-0.9451
896.92,204.13,463.17,109.07,-0.6893,0.6264
804.89,159.02,301.24,749.58,-0.1378,0.7029
721.0,932.55,656.8,16.46,0.0806,-0.6337
125.65,637.05,197.99,885.52,0.7338,-0.802
640.68,229.08,947.74,688.24,1.1318,-1.015
173.1,457.04,473.69,784.7,-0.3889,-0.5014
66.03,858.02,18.0,59.7,-0.2205,-0.915
989.07,819.46,871.15,742.17,0.2563,-0.684
512.22,124.48,27.66,708.32,0.2326,-0.5973
972.86,955.74,59.61,930.95,-0.1871,-0.5205
680.86,791.61,991.45,704.5,-0.0063,0.0603
920.32,799.62,563.69,828.46,0.6852,-1.3705
489.84,829.08,446.14,284.22,0.591,-0.9337
37.75,663.4,678.93,460.97,-0.1832,0.7154
594.47,118.72,63.52,822.87,1.6886,0.0852
662.83,308.39,455.69,948.37,1.101,-0.4061
496.21,560.58,485.32,508.26,-0.2886,-0.133
908.2,180.14,612.51,387.72,-0.0171,0.2709
965.36,101.99,646.62,315.36,-0.5419,0.6611
812.97,770.74,54.02,648.15,-0.218,1.4815
976.7,802.97,422.59,516.31,-0.2483,-0.8504
383.52,844.42,463.39,957.22,0.6611,0.3157
942.81,89.98,633.2,931.39,-0.1256,-0.9942
388.88,348.07,688.54,953.8,-1.4508,-0.9338
977.61,697.22,483.58,972.44,-0.4343,-2.088
999.51,720.2,514.37,88.74,0.8426,-1.687
447.58,58.53,152.02,257.43,1.0325,-0.0036
46.65,74.21,238.13,615.33,-0.4999,-0.1796
875.53,718.15,860.0,269.77,-0.7536,1.6937
364.77,72.08,147.07,816.76,1.6477,-1.0762
176.24,352.66,644.96,987.49,1.4341,-0.4707
933.45,953.14,308.46,141.85,0.7311,0.9275
134.07,837.0,268.95,444.54,0.0279,0.1445
872.41,733.79,883.76,651.75,-0.1962,0.7443
66.59,65.95,844.02,562.54,0.4502,-0.1633
156.0,377.41,927.13,298.67,2.1145,0.1623
548.61,807.22,228.06,206.19,0.321,1.3917
679.54,793.42,991.89,136.49,-1.4552,1.1114
958.07,964.3,673.49,805.56,-1.2396,0.6108
522.03,328.43,997.56,114.53,-1.2335,-0.6773
895.24,583.98,130.78,845.4,0.8056,-0.4396
422.49,789.5,45.7,86.19,0.1337,-0.6669
628.28,739.64,870.57,830.93,1.0594,0.397
872.54,73.53,887.64,722.43,1.0182,-1.991
585.23,781.44,182.84,23.64,0.5132,-1.1094
40.77,328.86,712.9,769.09,0.8589,-1.3841
939.67,891.01,633.93,629.82,1.1723,0.2196
22.18,916.57,353.28,978.74,-1.2941,1.0096
699.25,877.94,863.61,43.13,0.2069,-1.6171
489.5,842.11,863.65,106.3,0.5422,0.4459
296.85,518.88,635.31,801.4,-1.0365,0.169
824.26,759.84,913.71,435.93,-0.4864,0.5826
53.63,585.25,162.94,847.37,-0.7561,1.5414
584.78,889.02,291.97,397.89,-0.511,0.7163
342.77,939.54,686.97,781.73,-0.0276,-0.4721
572.29,371.05,274.32,782.52,-0.5738,-1.2428
523.06,956.96,174.78,580.63,1.0949,-0.0285
811.75,111.59,107.84,141.76,-0.1613,0.8362
138.44,849.17,407.26,55.41,-0.0552,-1.0251
602.6,330.82,136.87,572.65,2.1756,-1.0695
837.47,703.53,566.32,985.57,1.5678,1.8687
917.97,417.19,988.38,209.47,-1.8604,-0.6182
640.91,573.89,254.43,372.52,0.5794,-1.1426
774.2,381.74,355.24,386.76,-0.5771,-0.4487
736.22,595.2,934.22,497.79,1.2612,-0.5489
632.26,248.3,777.62,404.78,1.9241,-1.2508
270.92,346.76,209.7,789.43,-0.5492,-1.2804
104.82,496.94,473.77,493.69,-0.4974,0.9206
572.96,921.93,152.72,507.18,-0.5235,1.1405
240.78,919.21,660.63,491.79,-0.3016,-1.0296
249.4,211.61,197.6,286.78,0.2962,-0.5309
781.51,966.68,524.08,818.83,-0.8101,0.6972
35.39,645.62,671.33,273.82,0.8482,1.9731
596.14,39.47,375.5,712.01,-0.0253,-0.7262
789.52,241.59,13.97,650.03,-0.0345,1.608
85.9,463.7,985.45,951.66,1.6793,-0.9312
14.66,993.19,353.97,43.98,1.579,0.3834
633.46,375.53,751.81,178.33,1.1969,0.0876
837.83,133.76,320.45,772.58,0.0275,0.008
672.21,291.93,183.37,363.71,0.4435,-0.4099
347.08,27.27,443.15,309.89,-1.151,0.4939
81.2,135.28,120.87,581.13,0.4705,-1.9248
797.97,762.45,145.34,888.95,-0.8445,-0.7801
22.33,484.04,733.85,569.22,0.0373,0.1967
971.07,580.64,294.99,340.02,0.5369,1.4202
662.91,481.07,948.87,206.9,-0.1089,2.0792
707.71,905.69,22.86,746.19,-1.8914,0.4737
977.25,203.61,638.34,296.72,0.1115,-0.7017
412.0,703.71,322.17,125.29,0.6493,1.1469
287.48,43.99,645.67,214.87,0.7247,0.9602
140.41,359.88,458.66,556.87,0.2079,-0.251
535.45,536.21,42.94,322.37,-0.9902,0.5517
601.7,505.93,862.85,79.84,-0.9899,1.1622
191.45,792.42,577.77,459.46,0.0418,0.8347
752.89,986.74,419.51,113.42,0.0689,-0.6723
270.53,754.98,947.99,598.66,-0.0801,-0.3734
841.29,773.58,787.08,84.9,-0.561,-0.6895
833.16,832.74,167.63,942.39,-0.3133,-0.3174
830.1,858.32,870.34,53.0,-0.4895,0.2425
190.97,627.35,387.4,177.2,1.7867,-0.7568
901.44,953.52,929.05,532.63,1.1118,0.2634
502.03,884.97,869.01,68.52,-2.4966,-0.0818
792.77,377.0,276.63,814.1,1.8704,0.9238
959.11,784.86,854.12,21.71,0.92,1.5876
972.24,354.33,681.44,596.61,-1.1658,-1.9022
611.49,705.91,601.95,272.76,-0.7376,0.1853
273.82,430.08,308.87,123.21,1.2085,-0.3132
77.52,511.61,354.56,209.87,-1.5448,0.5967
312.69,731.02,56.08,597.72,-0.1295,-0.3019
523.94,596.24,703.96,88.36,0.5676,-1.1018
378.24,800.18,233.01,523.79,-1.4849,0.0197
143.96,48.66,296.81,346.73,1.3063,-0.7665
409.61,179.29,810.11,794.76,1.2133,-0.5069
106.73,157.12,520.82,484.71,1.0562,-1.1367
970.04,667.77,336.15,645.2,0.4181,-1.7424
372.59,999.24,615.56,532.24,-0.1915,1.5124
307.88,577.69,29.86,813.58,0.0036,-0.8213
945.69,443.89,525.2,378.02,0.2526,0.0597
537.25,231.39,473.99,586.52,0.7199,0.5651
766.62,533.17,803.58,876.83,1.2636,-0.3451
64.52,307.52,476.14,28.11,0.041,-1.9847
664.63,733.02,492.19,70.05,-0.7279,-2.4372
469.08,463.6,724.74,705.24,-0.112,0.8713
781.63,119.97,499.05,563.34,-0.8693,0.5424
467.9,557.68,155.54,139.04,-0.6707,-1.3805
345.77,601.96,984.96,923.6,-0.9341,0.2206
707.15,828.04,717.04,206.75,-0.4091,-0.3074
885.04,688.9,506.21,772.08,-1.2413,1.5768
909.24,679.2,190.15,969.4,-1.2622,0.3054
238.88,165.5,120.87,881.37,0.9818,1.4241
821.52,484.35,369.55,410.87,-0.1446,0.5714
594.82,38.55,770.22,771.24,0.2767,0.2433
670.02,421.05,751.87,187.01,2.4996,1.3098
651.8,356.75,427.24,702.02,1.4387,-1.183
83.13,136.35,221.53,904.98,0.1822,0.3928
997.11,595.56,14.13,389.51,0.2879,0.3732
966.51,601.66,446.04,439.24,-2.4377,1.6004
613.61,882.69,264.24,895.25,0.7835,0.2746
683.47,824.01,286.1,918.27,0.1506,0.5155
547.5,416.43,512.02,255.73,-0.1438,0.7222
993.9,49.06,968.17,299.77,0.6733,-1.2484
661.84,138.32,78.6,785.6,-1.8525,-0.9938
166.3,550.57,725.89,486.94,-0.8857,-0.4295
766.12,688.75,960.85,708.56,-1.6891,0.4913
479.8,905.61,971.22,19.25,0.361,2.8842
254.67,799.48,713.86,981.16,1.4385,0.493
874.96,849.8,328.72,754.3,-0.9336,1.7034
13.92,134.66,772.28,977.19,-0.8637,-0.0149
546.09,325.02,378.66,395.32,0.15,-1.6868
300.88,385.2,910.6,127.66,-0.4401,-0.7084
792.0,915.65,464.43,74.0,-0.1885,-1.2844
885.85,717.26,353.52,509.26,0.761,1.3141
416.64,396.9,105.16,429.86,1.0404,0.9672
316.99,485.66,635.06,415.79,1.6579,0.1789
97.16,477.09,725.74,261.67,0.033,0.2842
180.27,324.23,600.25,493.79,0.5226,0.2647
158.33,794.78,854.3,687.75,0.1233,-0.8308
882.7,146.52,432.99,962.7,-1.735,1.151
324.72,609.49,243.51,971.21,-1.5916,-0.1455
183.42,310.77,978.6,726.34,0.1216,0.3732
852.56,92.6,125.25,701.79,0.5772,0.4375
967.02,931.73,46.38,854.98,0.6062,1.1557
985.34,925.66,363.92,311.53,0.7625,1.2532
584.28,901.23,854.79,780.85,1.6727,1.4086
171.63,746.22,804.53,201.7,0.1163,0.9242
624.66,203.21,330.75,297.44,-0.5714,-0.0502
102.66,342.35,954.96,719.58,-1.0323,1.7782
765.28,178.85,674.45,842.97,-0.9131,-0.7434
454.84,344.34,33.2,680.48,-0.4066,-0.8946
869.18,12.84,115.46,372.81,0.8116,0.3962
334.52,963.37,679.81,650.29,-2.0552,-0.6571
236.63,466.35,123.55,377.08,-0.9245,-0.2121
523.96,154.03,446.39,763.88,-1.2579,-0.0835
799.06,881.03,506.15,165.94,0.0942,-1.0641
995.51,42.54,451.63,348.29,-0.1937,0.6624
811.04,498.13,564.74,997.21,-3.3567,-1.4313
769.1,700.21,222.65,833.11,0.0978,-0.7711
717.58,903.76,558.61,725.43,-1.4221,0.2354
671.91,538.65,121.46,533.02,0.9701,-1.2306
314.55,595.23,411.19,126.62,-1.2297,-0.6328
566.45,133.99,842.96,928.32,-0.0942,0.9193
890.71,637.98,73.51,407.01,-1.4464,0.6238
622.48,435.97,133.17,223.67,-1.7411,-0.5719
514.89,382.69,952.42,114.65,1.3435,-0.5965
869.61,249.2,840.39,820.65,-0.9809,-0.2951
932.68,856.47,760.71,555.83,0.9328,-0.1882
41.4,718.61,574.3,443.0,-0.0033,-0.5804
784.43,780.22,875.5,61.23,-0.2013,-0.0493
938.09,23.21,58.09,151.17,-1.0009,-0.0657
698.45,580.77,641.6,995.47,0.2162,-0.3864
915.93,20.14,662.16,780.85,1.257,0.3455
55.78,389.43,566.74,253.85,0.8086,-1.3759
472.16,265.1,540.68,452.71,-2.0795,0.4793
804.05,578.84,802.07,868.89,1.45,-0.4092
376.95,609.88,864.66,645.45,-0.0833,-0.9604
536.8,933.62,939.71,572.11,-0.1829,-1.4047
728.87,142.28,61.79,32.78,0.3694,-0.1182
583.97,409.62,747.18,745.51,-0.5718,-0.6069
572.25,229.73,681.19,124.48,0.2334,-0.3426
585.19,750.35,476.82,859.11,-0.8118,-1.8131
772.37,341.58,505.89,16.15,0.2708,-0.3314
580.8,925.46,409.58,377.79,0.595,-0.2906
570.56,679.95,77.38,235.0,0.4832,1.2435
636.55,634.35,757.35,492.49,-0.1454,0.1618
524.89,557.09,490.39,77.91,-1.7501,-1.3445
322.34,318.12,835.61,862.22,-0.4809,0.6107
667.17,155.31,483.72,447.96,-0.1212,-0.6508
506.67,60.32,953.32,595.65,0.4222,-0.7329
803.68,50.42,183.57,530.1,1.9039,-0.1408
80.07,937.31,453.63,238.96,-1.3398,2.075
345.82,226.94,477.93,644.2,-1.4154,0.76
173.27,950.26,170.36,958.26,-0.3884,0.2092
31.34,151.04,57.63,229.49,-0.4533,-0.6264
857.02,96.21,937.28,677.55,-2.8869,-0.8028
630.07,210.45,70.36,850.25,-0.2753,-0.1202
684.82,713.67,350.88,551.88,1.7758,-2.0442
651.31,472.51,773.67,976.32,-0.5943,1.2563
642.63,156.02,614.98,731.61,-0.9694,1.7496
993.32,419.31,851.85,257.09,0.4788,-1.8868
37.75,309.45,839.78,437.28,2.3372,0.196
628.94,884.4,650.91,842.45,-0.8617,-0.8732
484.33,261.45,259.1,770.84,-0.7971,1.7602
697.18,722.26,40.95,679.29,0.0532,-0.882
24.8,653.47,441.09,57.57,1.2227,-1.1718
287.47,502.7,812.63,225.1,0.4421,-0.6181
41.54,26.88,570.6,401.64,-0.9299,0.2896
206.67,404.91,135.61,450.88,0.8822,0.0698
10.27,892.34,412.27,306.06,-0.6204,-1.2058
130.04,96.6,711.2,813.77,0.0031,0.1385
727.97,568.17,545.02,616.78,0.5572,0.0073
222.03,949.15,580.3,612.06,2.1855,-0.6235
671.88,627.66,670.84,607.2,-2.6489,1.1079
444.21,223.01,126.77,880.19,-0.3473,-1.2867
901.28,320.88,764.27,22.28,0.3581,-0.0419
907.57,339.8,529.12,304.73,-0.242,0.889
623.67,561.25,889.96,307.31,-0.5724,0.2457
844.7,646.99,99.46,215.42,0.8551,1.1962
141.86,617.59,78.02,629.44,0.8714,-1.4046
157.61,120.93,852.26,376.33,-0.2399,1.291
972.61,855.61,22.56,23.44,-0.7358,-0.0217
836.46,694.33,727.88,814.42,-0.4882,2.1335
509.09,141.27,509.78,74.59,-0.0127,0.887
116.15,350.64,112.58,852.89,0.3344,0.7403
470.48,386.29,131.63,823.21,-0.0393,-0.4905
384.35,569.63,520.2,842.5,-0.84,0.2927
156.11,297.14,158.75,741.32,-0.1514,-2.6049
714.68,360.75,699.66,179.29,-1.6079,1.8285
447.82,621.68,825.58,86.68,-0.203,0.7692
923.02,853.97,186.69,659.31,-0.9201,-0.8817
580.02,340.01,278.76,763.48,-1.3869,1.3517
638.89,428.45,642.86,590.63,2.413,-0.28
346.03,686.54,800.64,283.45,0.8157,0.2091
435.25,338.13,615.64,402.59,-1.4675,2.3537
494.4,395.66,410.42,811.06,0.482,-0.4584
559.6,730.11,801.62,111.41,0.482,-0.8996
253.62,373.41,140.18,755.03,-0.8233,1.3963
356.69,158.15,435.39,307.34,2.4151,-0.958
586.25,521.89,264.01,346.14,-0.9589,0.5599
689.64,284.59,860.23,607.48,0.6835,1.5461
15.04,384.14,32.11,123.57,-1.3033,0.3716
403.8,787.33,596.18,993.34,0.9533,-0.4467
527.02,735.85,833.01,677.36,-0.5611,1.0758
693.86,154.39,952.44,189.43,0.3077,-0.1692
142.75,29.88,859.72,655.06,0.8964,1.8742
702.21,217.49,699.25,889.81,-0.3662,-0.7167
247.48,818.25,857.37,682.7,-0.4558,0.9919
800.54,652.72,119.38,345.35,1.4036,1.7644
174.11,223.09,438.67,847.39,1.8343,1.0289
988.01,648.84,220.81,20.35,-1.1252,-0.1677
627.99,625.38,32.19,106.5,-0.4213,0.9704
348.93,253.72,629.68,432.71,-0.8005,0.8934
157.69,814.94,444.86,845.49,-1.2886,-1.7018
650.17,45.08,183.02,220.73,1.3511,-0.1359
606.51,822.49,367.51,901.24,-1.2488,0.7114
138.72,924.53,124.92,645.19,-0.1894,0.5115
731.98,868.03,668.91,460.88,2.3727,0.0313
393.92,484.65,994.61,573.52,0.0682,0.3813
978.86,679.97,506.47,485.47,-0.2914,-0.3015
66.72,103.1,663.16,40.02,-1.501,0.7731
886.89,580.48,738.22,174.23,-1.1564,0.2213
182.53,93.91,955.65,355.71,-0.6928,0.43
765.7,988.03,163.08,100.26,1.1942,-0.7124
258.56,705.61,466.64,328.93,-0.6362,-0.0352
705.96,694.24,675.24,683.03,0.1123,-0.5001
444.62,601.04,628.51,768.64,-0.9931,1.045
591.31,353.68,866.65,703.47,0.4325,0.0498
611.22,365.26,659.41,216.05,0.3491,-1.1615
69.41,122.6,938.38,673.37,1.1076,-0.7674
125.43,386.24,124.71,132.63,1.4561,-1.4325
919.58,332.09,487.05,244.65,1.0326,-0.932
277.58,994.83,264.88,730.78,-0.3829,0.2734
684.31,201.82,192.33,907.88,0.0239,1.236
807.77,401.88,572.58,962.21,0.0763,0.5969
410.0,461.41,246.85,903.06,1.5888,-0.0475
82.24,618.62,35.17,742.34,-1.4861,0.1958
750.85,345.51,259.61,316.36,0.0781,0.7859
556.53,360.41,412.7,338.28,0.731,0.2071
528.39,885.5,929.72,208.84,-0.3163,-0.138
37.9,838.65,828.07,53.21,-0.2486,-0.1624
875.74,454.0,296.76,474.42,0.3479,-0.3987
355.94,81.37,552.45,610.99,-0.1764,-0.309
747.45,111.53,529.97,918.78,0.4955,-1.3371
416.41,226.72,202.14,663.8,0.0061,1.4647
368.37,566.56,508.88,543.35,0.2526,-2.2069
659.16,74.73,690.95,91.35,-0.3512,0.8021
436.26,55.34,436.7,832.75,-0.3585,-0.1086
288.04,321.36,107.05,482.04,0.2737,0.0025
919.49,410.86,862.9,931.59,-0.2799,-1.3294
631.19,146.27,629.6,619.34,-0.2448,0.8094
947.56,175.16,115.37,897.5,0.1213,0.2476
283.93,962.93,258.92,976.45,-0.083,-1.6053
798.41,963.68,755.37,767.8,1.6733,0.2026
546.8,642.5,813.06,442.6,0.0857,-0.6188
634.2,246.64,700.97,128.81,-0.2522,1.886
275.48,587.55,579.91,488.19,1.5213,0.3732
392.1,101.7,922.2,864.87,0.5875,1.8465
831.72,341.03,273.33,341.2,-0.045,0.4632
381.66,262.56,638.6,311.4,1.3338,1.0908
425.85,706.29,12.34,413.86,-2.5356,-0.3391
907.59,425.29,203.3,721.09,-1.0295,-0.1829
949.54,326.73,362.27,463.97,-0.8812,0.6939
663.5,485.01,279.53,926.77,-0.2979,-0.3651
299.2,538.23,987.23,381.36,-1.0262,-1.4467
251.97,22.05,634.91,301.72,1.086,-1.1935
394.62,126.54,811.67,579.76,-1.0146,-0.2427
39.09,973.24,633.13,910.07,0.7537,0.4583
626.57,365.71,537.17,535.38,0.6195,-1.4448
747.27,551.5,965.11,679.23,-0.1739,-1.2529
879.64,408.78,603.13,854.79,1.9873,-0.4593
602.85,268.57,728.3,613.79,-0.477,0.0186
724.87,648.15,262.62,951.97,-0.3059,-1.2479
795.77,696.15,509.94,588.09,0.9325,-0.4706
874.5,781.93,514.47,502.26,0.483,1.7319
870.64,681.05,740.91,502.48,0.5316,-0.6458
691.32,255.77,319.3,793.46,-0.5693,-0.6765
284.81,525.23,147.28,337.47,-0.2714,0.1656
272.2,119.36,275.81,75.92,-0.6478,-0.9472
461.89,769.68,748.29,792.66,0.5839,-0.542
454.41,491.69,581.67,481.83,-0.2778,1.2913
476.87,72.51,271.42,562.33,0.7573,0.2259
83.27,496.45,869.66,534.7,1.1704,0.5016
252.73,523.19,231.59,861.71,-0.9231,-0.8381
568.08,238.2,108.96,376.39,0.7709,0.7516
383.82,92.84,553.62,613.99,0.5771,0.5874
662.05,146.46,328.92,82.22,-1.0074,-0.9873
386.86,388.23,234.18,669.59,0.3711,0.3275
460.13,639.16,63.06,781.52,0.666,0.2122
29.7,676.86,451.89,183.07,-0.4728,1.753
490.59,463.85,409.94,317.79,-0.2872,1.3474
912.63,53.65,60.53,510.66,1.2794,-0.2542
642.44,366.81,572.56,600.95,-0.8113,-0.217
454.16,677.87,738.69,189.62,0.5608,-0.2128
558.39,193.61,706.15,213.91,-0.2218,0.762
968.32,356.27,67.17,727.54,0.2607,-0.54
393.37,907.37,269.77,723.08,1.8653,-0.4579
386.38,683.26,755.06,555.64,-0.4559,2.1563
291.98,545.57,426.15,14.31,-1.07,-0.7869
206.57,207.4,421.0,685.5,-0.2895,1.7856
957.24,603.13,276.28,580.83,2.0423,1.3598
327.71,645.26,986.5,515.76,-0.402,-0.908
198.12,616.29,835.82,515.17,-0.9501,0.5563
324.85,46.63,764.49,103.74,-0.6123,-0.3135
339.62,277.8,738.88,477.38,-0.2453,1.1174
916.37,415.14,142.57,618.05,0.2175,-0.2884
813.54,43.47,740.31,410.74,1.2285,-1.6053
619.97,420.66,323.73,988.92,-1.02,0.9371
992.39,510.47,263.01,168.57,0.2985,-0.8968
314.72,565.53,31.12,553.36,0.595,1.6239
733.6,830.67,36.16,55.86,0.8142,-1.0719
941.53,531.89,461.05,338.05,-0.9565,-0.2562
573.08,885.19,430.29,288.82,-2.0923,2.1907
955.2,87.34,760.49,988.49,-0.6302,0.7101
965.13,96.35,681.5,321.08,0.9701,-0.1568
189.48,767.02,832.17,186.62,0.6798,-0.0353
821.01,513.33,930.05,480.92,0.1583,-0.257
715.81,240.75,15.26,643.43,1.2355,-0.4935
282.78,896.56,311.94,508.78,0.7019,-0.9221
730.15,345.45,645.74,495.71,-0.565,-2.3844
593.98,983.19,773.05,745.54,0.4984,-0.7139
421.86,680.09,815.22,36.98,-1.765,-0.2031
906.19,914.39,224.16,705.95,1.3666,-1.7698
178.94,828.66,106.11,890.06,0.4918,-0.4106
655.77,994.37,525.0,546.14,1.4591,-0.4911
472.81,935.46,671.98,600.12,0.6102,-0.1951
804.97,894.28,292.84,260.39,-0.7808,-0.2824
31.56,494.21,770.81,912.7,-0.654,0.1095
266.27,421.64,760.62,866.26,1.4685,2.2101
423.46,836.26,771.68,294.62,0.6658,0.6246
997.27,667.23,698.43,568.39,-0.2997,1.4634
140.66,673.18,995.66,187.98,-0.8308,-0.3293
311.63,241.71,505.88,926.66,-1.5371,1.4441
487.51,99.81,503.44,969.41,-0.8417,0.9403
91.33,889.1,77.81,243.18,-0.9228,-1.4075
749.09,163.51,405.22,415.46,-0.7647,-1.237
390.88,575.25,156.28,232.37,0.2305,0.4193
240.33,535.48,226.78,169.23,-1.1992,-1.301
111.74,742.68,72.46,202.0,-0.8183,0.681
552.07,321.04,311.97,960.14,0.6816,0.8617
376.55,287.39,822.42,667.79,-0.8078,-0.4701
65.68,358.5,58.42,382.14,0.2671,0.3951
122.88,429.59,964.69,897.82,1.1391,0.4142
710.49,71.0,133.23,521.21,-1.2849,-0.2013
941.25,326.28,679.6,831.93,-0.1577,-0.1176
772.27,317.38,256.96,250.26,0.2394,-0.2611
821.71,156.5,554.32,319.44,-2.0022,-1.716
836.68,772.17,875.98,523.76,1.1388,-0.8646
806.56,747.94,601.4,349.88,-2.3179,-0.3629
914.88,90.36,400.6,428.99,-1.4407,0.0824
619.57,90.36,195.72,79.84,-2.0489,-1.5674
331.58,150.57,428.57,231.36,-0.3637,0.8242
16.14,42.81,338.68,930.39,-1.0481,0.3917
829.4,841.34,937.28,63.26,-0.1077,-0.6418
313.43,781.75,169.69,836.7,-0.3955,-0.8059
267.24,980.67,739.83,466.55,0.525,1.0987
354.8,588.33,672.72,527.87,1.406,-1.0469
225.89,341.19,159.0,31.72,-1.0358,-1.3417
774.0,397.87,728.95,893.12,2.9831,0.1242
56.86,772.54,308.97,514.47,-0.1299,0.8189
655.97,176.91,427.29,287.03,1.0791,-1.2885
838.03,220.1,967.11,47.05,-0.4629,-2.3316
293.39,368.76,732.23,808.29,-0.1882,0.1875
772.11,160.55,20.44,112.61,-1.8814,0.406
666.17,293.39,650.63,268.04,1.5215,0.242
874.26,127.87,923.82,843.17,0.2292,-0.1185
117.15,133.01,939.69,878.25,1.7042,1.1288
692.21,817.31,265.13,518.89,0.487,1.1813
21.3,479.4,81.81,293.71,0.4913,0.4857
498.05,246.01,518.19,248.5,0.3536,0.1559
51.25,887.24,539.96,19.16,-0.3612,-1.5225
581.96,130.75,471.35,997.46,1.346,-0.1701
418.95,249.13,214.38,947.88,-1.1992,1.3289
515.71,198.36,602.15,326.91,1.7649,-0.3654
36.81,256.49,86.77,615.69,-1.6003,2.1651
468.78,370.06,916.93,885.11,-0.499,-0.6243
846.78,538.42,633.4,705.93,-1.0392,-0.1301
45.68,690.51,407.9,188.03,0.0977,-1.1455
170.87,947.89,430.18,357.55,-1.3143,-0.2236
204.75,698.87,774.31,723.54,-0.9714,-0.997
532.29,535.23,304.17,815.78,0.417,-0.2564
393.81,205.68,732.62,253.7,0.3858,-0.5808
980.63,733.67,31.08,211.73,0.7661,0.3768
740.94,992.65,591.35,954.96,-0.2005,-1.2876
299.66,85.32,618.48,554.95,1.5546,-0.3209
924.5,162.46,506.06,357.47,-0.2485,-2.216
750.09,504.41,970.88,868.74,-0.1316,1.7836
709.17,144.99,197.33,607.4,0.762,2.0834
627.6,79.79,57.97,56.08,0.1053,1.4885
198.37,186.55,85.74,412.85,-0.9799,0.7238
231.8,679.44,266.63,612.06,-0.9687,2.0921
355.24,440.78,61.06,243.93,0.6907,0.3466
481.28,64.8,992.2,682.62,-0.0931,-1.3372
211.51,300.23,827.8,588.87,-1.339,-0.5914
651.39,172.29,673.61,16.33,0.7455,-1.0237
94.57,679.16,913.57,443.39,-1.2912,-0.1156
458.63,54.25,643.67,269.62,0.1858,-0.4992
749.85,213.05,24.61,101.11,-1.2411,0.2972
348.31,812.58,20.47,339.17,-0.6787,-1.2218
944.03,760.38,963.45,704.2,-1.6231,-0.2118
765.52,500.45,195.59,431.06,-0.8981,0.6873
676.76,754.13,473.53,232.11,-0.1138,2.0076
969.53,180.63,842.52,473.43,0.0794,0.2963
154.26,347.85,884.23,315.13,1.0937,0.7996
830.78,595.23,109.62,929.45,-0.3207,0.8503
829.56,844.31,970.96,698.09,-0.6025,-1.3267
733.73,945.34,190.25,294.76,1.3699,-0.4864
610.74,382.51,242.52,143.31,0.8138,-0.4157
996.61,547.91,615.02,82.59,-0.121,-1.271
266.5,739.46,919.64,875.84,0.2272,-0.4875
984.54,867.22,477.83,596.58,1.654,2.2004
335.61,817.96,358.52,794.21,0.1053,-1.056
588.42,654.58,423.89,722.36,-0.2759,0.0355
29.74,383.07,331.06,184.31,0.9902,1.04
488.21,874.09,346.05,960.1,0.2779,-0.588
946.35,356.19,352.91,651.22,1.8487,-2.2825
463.19,221.75,459.62,790.92,0.375,-1.2366
85.65,597.36,211.2,102.61,-1.7022,0.1141
536.33,12.1,815.26,509.61,0.1497,-1.4585
616.95,177.49,921.39,841.96,-0.2442,-0.0416
346.08,802.53,903.03,862.58,-0.768,-0.4336
35.57,561.73,810.04,619.47,0.1781,-1.9566
921.76,648.83,778.02,326.06,0.3883,-0.5799
228.87,671.01,177.48,76.75,0.4696,-1.1574
615.39,625.13,522.8,860.44,1.0654,-1.5375
492.85,52.84,827.77,337.33,0.4592,0.691
107.17,951.86,117.98,142.17,-0.3718,0.0487
123.61,700.08,134.74,862.88,2.4203,-1.2057
650.8,194.95,950.47,254.21,-0.6616,1.1174
183.54,298.53,73.47,813.39,-0.6187,0.9139
570.17,626.28,85.3,627.41,1.0577,-0.7164
223.98,971.21,919.35,536.29,-0.0782,1.0328
175.67,470.83,159.8,473.13,-0.6314,0.8753
85.82,531.31,748.09,695.38,1.185,1.7564
284.71,274.22,759.91,836.42,-1.2401,0.8046
837.83,148.76,832.21,680.05,-0.5318,1.0627
486.13,592.95,653.67,515.34,-0.1436,-0.5395
174.93,370.97,130.3,853.12,-0.4188,1.966
590.17,811.3,104.05,102.82,0.5591,-0.3803
858.76,172.61,87.36,527.07,-0.9383,1.2062
172.99,593.55,99.0,453.44,-1.769,0.8488
549.92,58.28,637.56,272.3,-1.1988,0.642
977.99,767.02,207.08,106.9,0.3729,0.7689
389.26,340.97,948.67,805.05,-0.8886,-0.7367
449.01,932.48,497.87,133.95,-1.7542,0.3932
132.6,602.76,507.09,658.26,-0.8642,-0.5645
349.77,787.82,946.89,138.55,-0.9112,-0.6869
838.79,489.23,634.47,340.76,-1.0858,-0.381
681.89,463.35,44.43,480.97,0.5923,0.762
656.12,376.84,934.65,508.72,0.8299,-0.4566
262.46,120.51,154.69,690.51,-1.7006,-0.102
515.15,54.28,715.25,686.65,-0.3238,0.2729
477.5,138.33,205.93,931.07,-0.207,1.0238
554.33,779.63,735.79,917.24,-1.2872,1.6175
972.42,399.35,561.83,185.86,2.346,-0.1486
527.65,624.0,322.1,600.7,0.7822,-0.8272
468.47,929.43,874.12,155.6,-2.1109,1.1009
339.5,278.88,225.7,117.79,1.0166,-1.0738
411.6,140.69,747.23,162.35,0.2072,-0.9613
650.96,28.67,328.14,142.52,1.0801,-0.9856
90.88,763.02,672.87,429.24,-1.096,0.0561
523.62,651.62,986.07,130.11,-2.2091,-0.7529
980.14,789.31,901.76,947.27,-0.3105,0.9106
198.62,209.2,433.94,761.04,0.3852,-0.6172
990.0,270.8,24.67,415.52,-3.3379,0.8849
852.26,332.13,262.37,193.87,0.4833,1.2279
122.03,492.1,581.14,788.45,-1.0749,0.3079
521.98,807.42,555.9,632.01,-1.0773,-0.7002
641.05,319.09,39.54,162.46,-0.0495,0.1784
208.39,27.2,849.19,158.36,0.291,-1.4004
373.51,639.49,326.48,900.03,-1.6842,0.1336
120.59,427.85,308.88,246.73,-1.0856,-0.0564
123.3,421.8,711.38,695.84,-0.4405,1.9783
680.19,654.71,337.49,875.99,-1.3488,-0.5694
347.57,341.2,254.73,515.72,-0.6958,-0.8945
750.85,785.14,48.91,248.27,-1.0072,-1.1602
723.72,813.76,742.24,795.48,-1.5943,-0.1903
810.13,285.05,219.27,623.23,0.5395,1.3931
857.35,40.56,699.58,678.87,-1.5618,-1.5601
325.66,360.73,32.39,178.33,-2.2737,-0.0555
814.87,724.13,426.15,278.85,0.9778,-0.771
315.65,556.65,27.7,196.07,-0.826,-0.4867
306.02,533.55,979.71,855.84,-0.3571,-1.169
548.72,975.1,958.67,894.31,1.2835,-0.3712
588.67,507.47,852.56,158.36,0.6455,0.6224
284.86,117.46,308.79,983.29,-0.0866,-2.5684
64.0,824.78,658.72,143.41,-0.0343,-1.759
911.97,334.06,917.9,455.53,-1.3072,0.6517
423.64,587.44,798.21,311.07,0.8351,-1.0219
199.93,717.52,792.56,886.1,-0.1855,-0.7145
168.79,763.84,984.79,967.99,-0.7781,-0.0396
