open_price,high_price,low_price,close_price,volume,rsi,macd,volatility
336.0,994.2,337.16,800.33,1.8232,-0.1762,-0.3424,-0.8233
135.48,992.69,739.57,577.57,-0.9436,-0.4334,0.757,0.9412
382.83,73.97,118.96,437.88,0.079,-2.2569,-0.0992,-0.5217
140.27,709.15,617.21,176.4,-0.1875,0.5701,-0.8673,0.1882
840.68,623.84,615.74,286.83,-0.8127,2.4745,-0.0793,0.4368
837.17,931.85,316.19,487.28,0.1926,-0.714,-0.1979,-0.2067
201.75,492.66,848.41,594.4,0.7541,-1.2702,0.3848,0.12
218.98,371.51,350.46,70.23,-0.7961,1.3513,0.4592,-0.3748
708.09,758.18,431.49,276.29,-1.3357,0.2196,0.4225,-1.6987
478.77,724.28,214.54,870.62,0.5308,0.2566,1.4942,-1.5315
159.65,970.55,475.5,266.06,1.0552,-0.508,1.2083,0.5319
978.81,109.27,782.13,643.21,-0.2636,-0.4005,-2.0535,-1.8351
793.6,589.15,481.88,526.42,-0.3088,-1.2536,-0.0688,-4.0059
65.66,268.04,77.19,686.98,0.805,1.5009,-0.7839,-0.0172
915.82,71.03,974.39,844.95,0.8715,0.4121,1.3314,0.5056
670.81,179.37,296.42,739.46,0.1953,-1.6016,-1.7813,-0.4298
594.15,955.29,329.32,669.79,-0.0485,-0.2442,-0.1387,-1.3685
372.4,286.43,431.76,646.08,0.6853,0.915,-0.9123,-0.5805
687.51,724.66,505.37,319.47,0.5873,-0.5575,0.36,0.1298
608.1,38.46,687.6,484.79,-0.6578,-0.028,-0.5264,-1.3531
392.95,567.2,82.25,207.78,-1.8076,0.3616,0.576,0.1595
515.55,791.21,608.2,42.13,-0.3391,1.4209,-0.0917,1.1677
717.38,77.16,670.08,74.22,2.2091,0.8243,1.0378,-0.3329
569.36,724.48,729.57,299.48,1.0165,1.5081,1.0645,0.2904
387.79,899.35,396.79,273.93,0.256,-0.4461,0.6251,-0.0247
298.66,434.12,805.05,343.42,0.0759,1.1738,-0.83,-0.393
879.07,770.27,447.06,746.73,1.1977,-0.3831,-0.1203,-0.129
554.8,961.97,975.12,466.17,-1.0411,1.3386,0.7935,0.0088
266.27,423.86,568.89,289.59,0.8396,1.096,-0.1888,2.1581
893.57,185.07,217.07,884.4,-0.3439,0.484,-0.3834,-1.654
288.31,82.26,881.63,181.85,-0.186,0.4199,-2.0454,-0.4546
60.64,721.91,647.05,282.54,-0.7723,-0.3986,-0.1202,2.2554
11.18,52.51,113.98,320.16,-0.2885,-0.6817,-0.5204,-0.9781
607.32,799.96,132.93,758.13,0.1325,-1.4003,-0.2145,-1.0264
882.61,371.79,759.43,343.34,0.4103,-0.7319,1.6377,-0.3412
87.48,746.47,778.47,673.55,0.9816,0.3624,-0.1882,0.4897
232.19,416.37,366.63,980.33,-0.096,-1.9975,0.846,0.2696
117.08,271.28,881.4,358.58,0.1155,-0.2501,-0.692,0.1329
889.15,963.1,552.91,291.89,-0.6251,-1.0149,0.383,0.5203
258.28,802.87,649.19,168.63,-0.131,0.2308,1.8592,0.3773
56.84,734.83,644.31,664.5,-1.4536,-0.934,-0.0471,1.8593
382.39,995.37,278.73,333.12,0.2278,-0.6868,-0.1909,-0.1391
692.82,546.83,113.64,599.7,0.669,-1.3614,1.4739,-0.3262
929.26,173.68,795.37,30.99,-0.487,0.3667,0.0886,0.3124
371.22,265.36,840.16,198.58,0.5733,-1.0645,-0.0655,-0.5344
630.51,178.12,978.37,455.67,-0.3029,0.687,-0.8891,1.1251
646.02,496.36,580.88,896.42,-1.4714,0.4404,0.2781,-0.5629
984.98,229.61,910.6,343.53,0.4743,-0.1461,0.6828,-0.384
457.03,185.4,903.17,918.04,-0.2286,0.203,1.3653,-1.1637
580.35,562.34,949.11,700.28,0.5408,0.3122,-1.5539,-0.56
531.58,959.98,681.93,317.36,-0.1064,-0.0008,-0.4166,0.3653
229.29,223.74,562.17,822.18,-0.3192,0.6752,4.013,0.1085
18.69,301.05,450.28,868.19,-0.9885,-1.3141,-0.1803,0.6096
247.77,754.7,690.3,730.42,-0.05,-0.7056,-2.0289,-2.8783
200.74,656.5,290.32,726.33,2.6234,1.0184,0.3454,0.1691
328.94,712.89,637.62,135.57,-0.0634,0.8941,-0.2115,-0.449
332.37,355.35,863.04,49.61,0.1472,0.5649,-0.6932,-1.198
513.8,535.95,616.84,291.12,0.7866,-2.6422,-0.3323,0.1734
493.76,767.31,873.47,579.68,0.9654,-0.247,-0.1733,-0.4599
98.47,122.97,610.83,504.69,0.2157,-1.0184,1.5551,0.556
173.24,510.26,319.37,989.83,-0.7349,-0.5799,-0.233,-1.8264
420.12,524.08,785.61,832.8,0.3397,1.3878,-0.1732,-0.1905
557.98,449.79,919.73,82.56,0.3039,-1.0428,-0.109,0.41
29.73,302.18,37.85,157.54,-0.0122,2.0048,1.0147,-1.4379
513.26,486.47,904.52,708.14,1.0751,-0.8501,0.7628,-0.0378
462.12,25.68,589.75,26.68,-1.8366,0.0013,-0.8291,-0.9032
230.62,859.0,995.18,442.72,-2.37,-0.2226,0.9329,0.1445
623.39,641.25,651.56,413.64,-0.6795,0.8074,0.2241,-1.7282
842.84,42.36,470.21,396.57,0.4175,0.9685,0.1709,0.0661
845.48,399.32,336.53,108.53,-0.3199,0.9463,0.1169,0.7645
471.26,391.66,930.03,333.92,0.8394,1.075,-0.3327,-1.0285
26.65,940.01,997.67,864.73,0.7921,-3.3349,-0.2168,1.6963
946.38,963.54,27.9,639.04,1.7136,-0.5071,0.4828,0.969
215.94,905.5,574.28,937.93,0.2629,0.3298,-0.8701,1.3349
173.26,756.12,406.53,410.94,-0.3855,0.1521,-1.1295,-0.8694
338.98,422.37,405.32,149.35,0.6413,1.0463,0.8714,1.2486
339.93,606.74,882.95,38.07,-0.4815,-0.1363,0.2691,0.4092
111.46,30.29,487.53,46.01,-1.4384,-0.1036,-0.4535,-0.2504
174.19,373.87,395.31,765.33,2.147,-0.3128,-0.281,0.3056
312.49,836.98,457.05,801.86,0.6602,-0.4171,0.6935,-1.0925
545.62,232.79,176.16,955.95,-0.153,-0.3342,0.3622,-0.4785
627.61,644.11,75.08,69.65,-1.4348,0.7553,1.2528,-0.6168
545.84,584.47,218.79,284.35,-0.5623,1.107,-1.5734,-0.3523
228.29,701.66,533.88,239.19,1.4551,-1.146,-1.1386,-0.2044
842.08,793.75,457.49,142.51,-0.8275,0.7257,-0.9083,0.5415
973.15,333.8,119.28,360.58,-0.7072,0.0623,-0.4719,1.9359
856.56,824.31,261.56,104.68,-0.949,0.0227,-1.0091,-0.2267
754.5,51.54,962.41,285.99,0.3979,0.4295,-0.3406,-0.8706
755.29,95.28,464.72,675.9,0.5516,-1.1529,-1.6794,0.6744
248.21,121.43,985.12,531.03,1.0708,2.97,-1.0328,-1.1673
311.49,511.21,255.6,518.99,0.7557,3.3188,-1.8234,1.0722
503.26,862.56,597.84,26.96,1.8323,0.0085,0.6354,0.5884
894.69,92.62,293.05,337.82,-0.076,-2.432,2.3471,-1.0497
289.61,124.26,50.0,831.09,0.579,-0.6869,-0.4657,-1.6245
314.46,377.27,124.82,229.46,0.4298,-0.2066,0.3247,-1.3582
216.28,528.43,448.48,569.15,1.0454,-0.3563,-1.8123,-2.5461
607.72,936.21,774.13,956.63,-1.2659,0.0265,-0.574,0.9344
197.05,543.49,81.99,596.15,-1.3929,0.2523,-0.3732,1.3906
105.45,955.54,594.0,689.76,-0.2054,0.0013,-1.448,-1.4231
48.37,168.71,929.57,773.19,-0.443,-1.1503,1.1787,0.7605
958.93,906.58,194.78,644.35,1.4558,-0.8355,1.0601,0.1626
552.27,108.87,505.71,800.68,-1.2019,-1.437,0.5503,0.3336
230.48,660.98,495.42,675.69,-0.3331,1.1057,2.0241,-0.5615
531.47,108.62,558.8,281.94,0.1034,-1.9236,-0.1937,1.0319
421.34,896.76,479.15,903.82,-0.4686,0.0607,-0.4245,-0.1399
685.38,517.58,932.7,491.35,0.6762,0.1592,-0.0052,-0.2874
576.62,298.17,333.14,11.76,-0.4495,-1.0057,1.2002,1.0664
462.32,883.73,293.63,137.19,0.0124,-1.5441,0.3504,-0.5962
253.52,188.93,433.9,121.09,0.44,0.0652,-2.1468,0.1113
836.63,873.92,108.21,182.19,-2.168,-0.1777,0.0846,-0.2967
624.66,171.63,917.41,207.99,1.2306,1.9295,-0.6794,-0.1065
675.65,404.68,30.71,24.01,0.7345,-0.8523,-0.7453,0.1976
120.8,429.28,818.63,152.65,0.0132,-0.4605,-0.1571,-0.7229
48.06,53.21,513.39,876.08,-0.1009,-0.5763,-1.4556,-0.6576
184.58,522.32,143.02,317.84,-0.1349,0.788,-0.899,-0.1323
697.44,158.96,444.81,772.46,-0.3535,1.288,-0.9931,-0.0771
680.86,403.67,487.96,192.88,1.5578,-1.0762,-1.2839,-0.381
700.28,706.87,77.24,541.81,1.3635,0.8399,0.3216,1.6889
643.46,180.54,869.87,591.49,-0.144,0.279,-2.0961,2.2413
694.71,424.05,368.54,529.34,-0.1369,0.5637,0.5575,-0.1638
406.54,144.64,872.07,201.5,-0.0642,0.5377,-0.2015,0.963
302.21,229.43,651.75,464.94,-0.1244,0.0103,0.3291,1.2479
618.26,412.93,774.74,631.53,-0.5895,0.0257,-1.6907,0.6363
783.41,135.71,19.33,112.13,-0.3051,0.1756,-0.6402,-2.1303
510.44,627.79,341.49,792.64,1.0839,0.6555,-0.703,-0.2323
691.85,457.28,888.7,219.26,0.322,-0.0476,-0.969,-0.6892
991.22,309.51,360.35,380.22,-0.2439,-0.3663,-0.5093,0.5148
458.12,688.26,391.21,352.02,0.4278,0.8171,-0.0634,-0.105
66.23,726.97,486.41,729.9,-0.2845,-0.8142,0.6431,-0.1
363.57,480.75,737.95,370.69,0.3044,0.7434,0.6607,-0.4316
620.75,889.08,629.65,297.81,-0.2965,1.3087,-0.2011,0.2181
737.45,613.07,136.77,777.97,1.0864,-1.7959,-1.9052,0.2533
518.81,784.55,969.42,607.18,-0.8879,0.906,-0.6852,0.1532
108.63,524.4,166.09,953.11,1.4696,1.8983,0.339,0.6629
136.36,846.02,535.26,933.08,-1.6504,0.661,-0.2225,0.5112
290.64,250.53,904.59,358.36,1.9116,-0.1599,1.016,-0.9202
724.0,597.19,471.2,616.88,0.8351,-0.6358,0.584,-2.2718
783.73,971.29,235.57,644.41,-0.3621,1.5884,0.4425,-0.3288
461.81,893.94,402.65,160.86,0.6009,0.3048,0.0547,0.1127
416.37,993.62,202.87,868.97,-0.5718,-0.6166,1.2851,-0.3697
302.3,977.72,941.76,431.28,0.3514,0.0519,-0.56,-0.2319
500.64,445.9,816.15,908.11,1.179,-0.3827,-0.6163,1.2149
633.99,130.62,844.72,833.91,-0.9484,-1.6662,0.184,1.1018
823.82,310.74,870.89,854.82,0.9293,-1.0054,0.069,-0.8906
505.27,559.11,353.18,695.53,-0.3964,-1.0559,2.2735,-1.4322
254.61,383.77,212.77,905.08,1.0173,-0.4952,0.1374,0.1531
408.28,572.57,826.44,730.36,0.6461,-0.6147,1.715,0.0807
236.99,878.55,40.26,685.09,1.2103,-0.9838,1.3574,0.9788
424.17,82.73,284.43,885.92,-1.4122,0.3101,0.6469,0.7467
493.17,385.98,719.15,419.79,0.8445,1.0819,-0.5869,0.0314
575.41,602.01,991.15,571.23,0.1579,-1.5714,0.3579,-1.1881
858.73,727.45,394.63,546.9,1.5367,0.0747,0.4742,-1.2845
478.47,931.03,35.25,196.85,-0.019,0.6394,1.3682,0.455
644.05,513.89,274.56,167.9,2.0461,1.099,-0.6166,0.2038
913.63,637.36,116.87,787.67,-0.1572,1.4311,0.2895,-0.6701
344.58,159.95,593.01,476.0,-1.3434,1.1067,-0.3392,0.4055
482.0,727.35,284.31,339.69,1.0087,0.5387,0.1464,0.637
46.97,815.82,316.0,463.97,-1.1262,1.2811,0.103,-0.3115
912.05,656.24,243.92,434.16,-1.8136,0.1811,-0.8921,1.3848
94.22,13.43,922.5,173.92,0.4181,0.9597,0.3502,1.5046
391.26,112.4,977.02,932.2,-0.8951,-0.5924,0.4373,0.7721
853.33,539.43,719.21,743.24,-0.8942,-0.0989,-0.3362,1.2058
929.24,481.42,466.29,977.26,-1.3945,-1.9583,1.9068,-0.1311
185.87,859.5,645.29,274.27,1.5853,0.4719,-0.4738,-1.0881
622.77,494.72,139.4,791.09,2.8891,0.4421,0.1502,-0.961
215.29,896.09,86.57,935.13,0.8066,-0.0936,0.8433,-0.1106
545.52,741.02,557.52,598.27,-0.1937,-1.3839,0.1251,0.2792
213.08,680.47,365.82,539.96,-0.3267,-1.6376,0.3859,1.2322
403.79,625.94,953.02,638.37,1.2545,0.7928,0.6173,-2.4029
366.76,892.31,139.22,759.17,-1.5946,0.7647,-0.672,-1.7661
993.37,995.9,619.47,506.81,-0.8652,0.7945,1.6889,-2.8186
168.41,384.41,832.4,407.75,0.5322,0.7666,0.2814,-0.2754
249.59,92.77,196.29,685.45,-0.9587,0.8898,-1.7925,-0.0944
989.05,76.87,425.03,463.61,-0.4665,-0.7112,-0.1015,-1.2857
681.62,931.25,635.53,701.97,0.1604,1.0652,0.5848,0.5145
356.92,820.97,372.47,378.92,0.0017,-0.481,0.981,-0.3332
251.75,202.32,274.42,527.57,0.7819,0.8287,0.6788,-1.7777
527.42,691.36,210.28,124.23,1.8176,-0.7949,0.216,-0.3741
315.34,417.32,152.99,435.33,0.867,1.2183,-0.9858,2.5821
162.15,664.39,315.49,318.03,-0.2535,-0.819,2.1344,-0.7946
981.15,489.41,701.82,455.71,0.3187,0.8649,-0.3118,-0.0257
449.17,488.84,193.48,967.1,-0.9579,-1.0655,-0.3108,-1.8561
454.35,173.93,513.91,552.99,-0.8407,0.026,-0.9076,-0.2009
143.37,651.66,710.75,533.0,1.5302,0.7897,-0.3381,-0.5906
730.08,378.01,535.97,594.73,0.2454,0.4375,-0.7624,-0.8445
968.08,420.97,833.46,188.01,-0.6813,-0.8595,0.4603,0.1891
195.7,907.53,161.72,807.0,-0.0543,1.4767,-0.2015,-0.4018
195.28,665.46,79.13,843.53,-1.4278,-1.4561,0.5898,1.0987
166.63,428.93,74.84,63.46,0.526,0.6555,0.1498,-0.1523
327.37,859.13,526.27,980.29,0.1906,-0.0459,0.8282,-0.0036
877.86,877.07,815.21,423.63,-1.0694,-0.7392,1.9711,0.883
590.14,188.36,602.12,322.12,1.2802,0.7919,2.2142,-0.0947
600.07,903.38,440.74,733.38,0.7921,-1.0976,0.041,1.1368
101.19,940.11,298.42,374.3,-0.6688,-0.016,1.853,0.1461
518.15,107.26,268.28,170.53,-0.9049,0.3074,-0.2426,0.3509
295.11,71.53,41.74,959.53,-0.7116,0.6391,2.037,-1.0514
292.91,366.64,958.85,439.44,-1.0064,0.121,-0.0744,-0.5252
912.94,299.56,165.18,351.81,0.2469,-0.6197,-0.0318,0.5944
440.63,605.61,309.92,660.89,-0.2066,0.3329,0.2231,0.5964
568.97,216.29,141.53,839.82,0.2579,-1.235,1.7248,-0.0081
609.95,665.17,35.32,11.97,0.5866,-0.3421,0.8822,-1.2213
511.5,526.93,342.08,638.6,-0.9552,-0.4937,-0.7437,-0.5734
474.46,407.06,198.73,143.08,0.2511,1.3595,1.8064,0.934
777.67,924.12,753.77,537.52,0.9499,-1.2156,-1.5486,0.268
423.62,667.2,226.68,441.89,-1.8834,-1.5428,0.9451,-1.3363
899.99,755.54,943.17,612.28,-0.8313,1.1723,1.2866,-1.6822
113.06,335.62,505.3,319.23,-2.016,0.5594,-0.3174,0.3431
492.85,497.58,558.09,547.51,0.5192,-0.41,-0.7619,2.0983
611.2,948.92,207.79,791.55,0.1747,0.6121,-0.0017,0.3771
750.85,604.87,17.76,435.69,-0.3136,1.4887,2.3144,-0.3576
448.6,95.85,115.95,182.48,0.2285,-0.8215,-0.7424,-2.1796
12.18,231.87,898.85,901.26,-2.1683,0.0872,-0.1171,0.1986
234.23,920.74,83.99,350.36,-0.2142,0.9003,-0.257,0.225
553.89,943.42,327.37,975.5,-2.1421,0.0162,0.0179,1.1701
461.41,364.23,645.34,833.63,-0.5529,-1.4402,1.6652,-0.6798
243.62,575.5,463.37,924.18,2.9455,-0.0093,1.4498,2.4562
47.2,759.27,383.73,654.61,-0.7124,-0.4133,-0.539,-1.2163
656.41,505.24,239.69,717.2,0.9581,-0.3655,-0.7594,2.3036
796.44,996.03,73.31,634.11,0.602,0.6916,-0.8479,-1.8934
715.26,890.72,450.54,619.36,1.6138,-0.3376,-0.6324,-0.3194
236.52,344.92,930.59,784.15,1.0853,-0.3433,1.2829,-1.8517
196.9,853.64,587.49,638.91,0.1632,-0.7775,-1.015,0.4481
979.68,278.63,831.24,121.84,-0.2585,-0.2411,0.4688,-0.7583
548.53,336.95,298.83,382.15,-1.7151,0.5634,0.1783,-0.0681
803.52,835.64,570.74,42.04,1.1858,0.3486,-1.1586,1.2555
528.55,104.78,984.19,369.92,-0.2622,0.6473,1.7363,-0.0492
728.09,15.51,777.09,848.54,-0.9057,1.6324,1.3987,-1.0028
751.91,634.2,745.45,904.4,0.222,-0.6201,-0.5252,-1.0099
460.85,222.04,889.14,489.06,-0.8651,-0.4085,-1.6893,-0.4472
325.35,106.63,719.07,195.17,0.5718,-0.415,-1.3492,-0.3092
122.48,407.52,707.17,184.09,0.695,-0.4604,-0.6874,-1.9865
49.7,355.62,326.41,736.29,-0.0014,-0.9031,-0.2813,1.2154
861.88,165.17,473.3,571.23,-0.5701,-0.8856,1.2894,-0.0181
510.79,60.93,730.24,549.89,0.357,1.0037,-0.1401,-0.3079
993.88,277.21,722.38,410.08,-1.3121,-1.0297,-0.1965,0.8555
67.23,14.26,174.49,71.33,0.1513,1.8343,-1.3643,-0.3497
337.59,835.49,436.63,70.35,1.3699,2.7299,1.2955,0.5279
947.66,126.61,714.37,218.18,2.1994,0.4544,1.3685,2.3004
648.64,776.54,458.07,110.24,-0.2332,1.4559,-0.6092,0.3436
723.12,205.15,58.23,779.5,0.2308,0.1126,-0.6851,-2.2497
98.26,603.52,743.86,303.4,0.5518,-0.2749,0.0049,-1.436
903.58,229.93,524.06,933.91,0.1422,-0.3341,0.0553,0.2272
850.36,687.62,367.98,691.89,-1.1069,0.7229,-0.4674,0.3666
552.14,931.65,519.91,797.39,-0.5148,-0.1674,0.6225,0.9222
412.56,137.03,299.21,220.53,0.9279,-0.3008,-1.3744,0.1633
421.67,37.21,501.14,808.46,1.6544,0.0368,-0.0809,-0.1646
413.74,184.84,356.88,499.75,0.5417,-1.4716,0.465,-1.4111
803.29,294.37,760.67,61.89,1.331,0.8793,-0.0622,1.5833
715.94,579.62,713.99,540.41,-1.7847,1.5233,-0.0717,-0.174
339.72,190.1,776.25,435.51,-0.7513,-0.1247,0.7317,-0.89
208.56,17.42,405.56,632.63,0.1608,-1.3797,0.5268,0.1077
885.84,333.99,835.51,30.02,-0.7554,-0.7311,0.7028,-0.9253
213.72,291.29,346.69,23.59,-0.2565,0.3354,2.1514,0.0662
863.64,488.22,789.14,742.23,-0.715,0.1004,-0.0243,0.0825
842.48,390.45,187.46,942.54,-0.4188,1.144,0.9758,-1.1836
398.35,517.98,499.36,583.68,-0.4561,-0.4191,0.6735,-0.5106
54.13,450.07,639.4,513.3,-0.5916,-2.1237,-0.743,-0.143
909.49,205.45,218.42,729.55,0.1913,-1.6424,1.2964,-1.4554
373.38,106.43,374.65,613.9,-0.2629,-0.7747,-0.4914,-1.054
426.7,827.56,740.08,915.48,-0.2636,0.0035,1.5973,-1.7816
347.91,712.71,793.33,234.67,-1.0882,-0.3823,0.3989,-0.1156
728.56,894.56,947.43,137.89,-1.0449,-2.3873,0.1806,-0.5643
37.53,518.39,604.82,668.55,-0.7477,0.2244,0.546,-0.6238
796.96,553.16,146.7,265.04,-1.6693,0.5322,2.2891,0.3792
973.19,835.61,522.93,784.33,-0.1372,0.9396,0.8654,-0.1397
580.37,998.01,545.64,663.24,0.1077,-0.9681,0.1046,0.717
709.48,621.93,345.61,153.08,-0.1747,-0.0947,-0.1954,0.1816
335.83,725.25,544.22,958.27,0.6513,-0.4828,0.1371,0.4632
603.6,437.85,167.09,735.23,-0.0668,0.8842,1.0004,-0.3205
693.36,355.44,236.54,561.49,0.689,-1.0631,0.4114,0.2473
483.22,893.1,259.79,942.83,0.9346,1.0347,-1.1953,0.6041
843.6,552.02,672.44,138.73,-1.7614,-0.32,0.2367,-0.4208
429.37,563.26,576.66,930.41,1.3038,2.1121,-0.7555,0.0379
568.02,841.91,693.45,557.83,-1.0136,-0.1701,1.8662,-0.864
687.58,136.72,375.72,51.51,-0.1825,-1.4871,0.3906,-0.3455
472.68,306.84,983.91,95.16,0.7096,0.7522,1.3715,1.1833
17.88,459.41,279.96,130.56,-1.0758,0.9492,0.6347,1.922
836.23,783.54,241.23,574.26,0.6266,1.4091,1.0097,-0.7508
607.07,164.7,298.86,804.1,-0.0604,1.1908,-0.1164,1.5032
885.4,253.54,589.71,823.2,-0.5368,-0.0144,1.9196,1.2296
234.05,918.44,96.56,924.52,-2.4049,0.4579,-2.4004,1.5664
398.26,89.19,129.46,870.32,-1.8786,2.3642,-0.3187,0.3226
938.02,367.09,487.58,315.86,-0.0387,-0.5309,-0.5676,1.0811
382.88,129.16,355.92,997.27,0.6225,-0.175,-0.0178,-0.3718
419.71,470.12,366.58,874.83,-0.7212,0.0579,0.9305,0.4368
832.37,122.03,238.91,470.93,-0.2253,-0.5273,2.3449,0.6464
446.41,544.87,537.67,682.53,0.0333,2.0032,0.2238,-0.9625
275.65,625.9,594.85,405.49,0.5433,-0.4133,-0.1956,-0.0435
111.32,191.63,144.13,639.89,0.9071,-0.3183,-0.7002,-1.0858
24.25,309.68,722.42,677.05,-0.6614,0.8032,-0.9251,-0.1293
404.64,158.51,746.71,386.05,1.1564,1.0355,-0.513,0.3727
814.86,795.67,591.67,685.34,-1.3086,0.4707,-0.6405,-0.0202
365.69,763.95,824.42,120.46,-0.0734,0.057,-0.2454,0.1052
185.91,353.41,837.2,421.96,1.1814,0.1031,1.0307,-0.6511
525.3,289.21,372.09,638.44,-0.9195,0.1301,-0.5278,-0.1156
782.27,555.61,217.5,176.15,-0.3409,-1.0743,-0.5544,1.5112
663.9,455.3,961.96,377.31,-1.0216,0.1927,-0.3826,-0.5216
860.69,487.15,610.03,384.63,-1.3345,1.4096,-1.6734,-0.1591
342.96,606.53,82.52,23.2,0.098,0.9822,0.0856,0.0767
880.32,927.03,357.33,63.29,1.3445,-0.8036,1.1505,-0.3329
557.08,879.72,35.05,267.23,0.8407,1.5664,0.362,0.52
673.79,400.2,680.1,148.95,0.8745,0.1638,-0.9873,-1.2143
983.59,248.56,743.77,102.39,-1.5156,0.0081,-0.6407,-0.3229
44.16,775.61,13.81,408.94,1.1404,0.921,0.2388,-0.7652
857.06,368.95,109.25,95.37,0.2393,1.2676,-0.8223,-0.297
485.2,787.65,613.92,418.87,-0.3085,1.1331,0.9978,0.0275
336.9,447.63,989.08,117.86,1.9505,-0.1251,1.1106,-1.4445
912.99,457.13,935.55,727.28,1.1393,-0.8818,1.848,0.7855
35.26,626.62,530.42,767.56,1.1835,-0.7406,0.2796,1.1364
678.89,323.41,716.34,548.94,1.2965,-0.465,-1.1277,-0.9389
29.02,899.33,683.28,943.17,0.6681,-1.6897,0.8124,0.7842
448.52,947.43,748.69,513.56,0.6935,-1.91,0.3265,0.9881
103.09,641.96,908.14,896.89,1.0059,0.337,-0.5101,-0.1668
763.22,670.16,484.19,22.37,0.4316,-1.3678,-0.3696,-0.6325
822.0,334.4,857.71,452.98,-0.0351,-0.5319,0.5352,-0.5094
672.44,792.18,483.69,928.12,0.1141,0.4453,-0.8074,1.4168
150.14,773.33,863.94,887.53,-0.3763,0.9674,0.4379,-1.2906
420.25,785.53,109.33,264.11,-1.3716,0.7127,0.6249,-0.4954
284.62,510.69,410.12,14.75,0.9107,0.4701,2.0261,0.4157
208.55,249.93,961.23,803.28,0.5872,0.1914,0.7479,-0.6688
272.57,62.99,53.21,848.02,1.7741,-1.423,0.8409,-2.3999
903.27,199.66,501.83,639.31,-0.225,-0.4301,-0.0138,0.7858
321.62,995.06,456.8,694.1,-0.4289,0.1806,0.0391,-0.2332
48.66,577.08,55.7,838.23,1.0863,1.4618,-0.1685,-0.169
673.22,629.69,941.68,203.03,0.8905,0.1387,-0.2272,-0.0188
613.56,950.94,159.15,91.67,-1.1453,0.7504,0.0181,-2.22
792.04,29.86,830.82,38.89,-0.8177,-0.7008,-1.2703,-0.7626
813.34,410.61,278.14,747.36,0.0516,0.6962,0.9276,0.5992
250.26,111.87,326.02,656.85,0.2944,-0.4606,0.5588,-0.918
112.37,465.58,707.32,663.66,0.0099,0.4945,0.6063,-0.2781
184.82,729.16,426.34,853.56,-0.1982,-1.9439,1.2834,-0.4954
347.91,36.11,436.72,971.0,-0.6049,2.1572,0.6159,-1.6525
924.68,587.5,521.77,622.46,0.7549,0.9066,1.0468,0.0964
458.32,699.71,850.36,513.88,-0.9102,-0.0461,-0.9972,0.1854
805.11,605.12,324.17,752.64,-1.4141,-0.7,-0.6245,1.382
77.05,799.34,961.6,636.59,0.7498,0.1617,0.914,-0.0083
771.57,44.36,504.03,695.03,-0.422,-1.7151,-0.2104,0.974
854.54,485.22,55.65,573.07,1.464,0.8831,-0.3942,0.1123
966.37,735.76,141.46,86.89,-0.3839,-0.6651,2.4527,0.2716
660.03,229.96,52.73,679.07,-0.1604,0.2213,-1.6525,-0.7547
899.56,548.04,705.25,774.27,-0.7899,-0.3282,0.8376,0.9643
34.64,254.21,423.63,309.19,0.313,-0.5372,1.2656,1.9407
144.21,449.02,429.34,529.05,-0.3389,-1.2166,1.8307,0.2888
740.42,777.38,178.8,384.8,-0.0482,-0.6849,-0.5923,-0.473
40.59,561.15,372.4,41.18,-2.2888,1.8678,-1.4285,0.0466
257.28,591.47,801.37,704.03,-0.7031,0.4699,1.1482,1.0046
696.42,742.28,948.86,369.74,-0.3873,0.977,1.3557,1.911
464.9,331.85,246.51,181.77,1.0822,1.537,-0.256,-0.2979
928.26,778.25,35.13,612.06,-2.4875,0.7318,0.4924,0.6857
453.21,474.81,442.52,754.05,0.1884,-0.189,0.8047,1.0125
893.31,308.06,664.13,76.19,0.1878,0.2506,1.9445,1.1465
272.22,966.12,635.99,179.7,1.3194,1.7928,-0.3668,0.6762
991.96,933.46,924.77,904.19,-0.2334,-0.5555,1.2807,-2.0108
870.24,980.84,586.5,523.67,0.4115,0.6462,0.0214,0.598
439.35,164.38,766.51,873.28,0.0131,-1.138,-1.5893,-0.2258
486.82,416.72,270.05,149.05,0.4905,0.9837,-0.1418,-0.3302
167.76,191.51,62.09,265.12,-0.2148,1.291,0.0682,0.012
456.06,818.5,771.55,485.32,-0.0155,-0.8718,0.027,0.5726
809.27,910.59,66.28,462.11,-0.5155,1.107,-0.8187,-0.8159
747.84,117.08,631.38,235.63,-0.9386,-1.2407,-0.3487,0.574
740.51,776.37,555.66,440.77,0.1711,-0.8208,-0.8341,0.2633
723.58,152.57,90.53,996.63,0.3032,-0.4333,1.4497,0.5059
967.67,576.55,90.6,175.57,-0.1288,-1.4778,0.071,0.0961
461.51,477.64,946.99,252.9,1.0737,-1.4467,0.3093,-1.2026
140.06,869.0,21.6,262.27,-0.0315,-0.8725,0.027,1.2156
244.64,164.9,503.53,901.41,1.5025,1.1533,-0.7921,2.2696
878.5,783.59,128.47,507.27,-0.0832,1.5816,-0.2891,1.7787
409.03,442.96,732.29,607.15,0.4147,-0.2475,0.4416,0.7053
942.37,624.42,963.7,668.16,-0.9526,0.9829,0.4018,2.0693
618.96,80.04,368.83,926.62,-0.4777,-1.5155,0.5861,1.6963
795.23,811.38,508.33,910.63,0.4902,1.0408,0.2397,0.6775
998.28,707.28,836.56,695.58,-0.3222,0.742,0.3804,-1.0134
784.47,928.54,480.34,412.4,0.3999,-0.3793,0.6694,-1.0467
637.57,460.62,362.68,88.28,0.0351,0.2396,1.8929,-0.7279
200.95,363.96,979.19,531.78,1.5078,0.3501,0.3921,0.4655
697.89,619.89,566.26,910.65,-0.8165,0.2246,0.0525,0.2169
338.07,94.03,809.51,351.08,2.3533,-0.9503,0.4625,0.2155
484.3,99.28,675.43,709.6,-1.736,1.0001,0.029,-0.371
848.31,270.57,878.33,572.14,0.1558,0.09,-0.1109,-1.8763
226.78,834.07,481.72,26.27,0.2044,-0.6372,-0.2018,0.1871
194.25,882.81,153.59,46.14,0.9593,0.4074,0.0265,-0.2072
819.6,933.6,626.88,574.08,-0.3199,-1.4209,-0.6364,0.1053
133.89,496.34,57.28,510.23,0.8401,-1.0052,-0.3471,-1.7884
666.87,323.13,19.62,204.37,1.3127,0.1599,-0.9053,0.843
400.36,479.49,694.62,142.94,-0.44,-0.085,-1.5361,-1.9657
478.29,565.56,508.96,881.46,-0.3641,-1.6621,0.8335,-2.8395
566.75,377.91,155.07,729.39,1.7476,0.441,-0.2046,-0.829
662.63,809.81,662.0,212.56,-1.3253,-0.5547,0.1045,0.0143
64.31,956.33,529.98,910.24,-0.2776,0.4628,-0.1513,-1.6027
199.03,597.4,194.92,54.45,-1.2969,-0.19,1.2875,0.1821
812.04,88.3,623.4,638.64,-0.7992,-1.4991,-0.7096,-0.4535
807.69,388.65,143.93,308.22,0.7985,0.9,0.7222,1.134
367.66,71.4,835.69,656.69,0.9704,0.1097,0.8363,-1.4651
364.03,912.1,648.78,775.21,-1.4781,0.4651,-0.7959,1.2093
322.16,360.62,591.23,393.89,0.3105,0.5897,-0.2248,0.4848
261.12,340.91,581.19,314.2,-0.9254,0.9788,1.5088,0.2786
166.2,107.58,870.83,379.71,1.4321,-1.4336,1.965,-0.4186
940.61,419.73,69.8,573.14,0.1231,-0.485,-0.9627,0.0716
29.8,504.83,620.7,838.48,-2.1491,-0.5936,0.0141,0.1831
493.04,205.95,745.49,887.2,0.4742,0.136,0.2071,1.1795
939.25,61.38,381.17,225.19,0.4519,2.4777,-0.8779,0.2477
908.25,35.51,29.86,274.79,0.4144,-0.129,-0.2925,1.2207
583.23,629.47,84.1,537.3,0.3561,1.7638,-0.3529,-0.059
701.27,323.81,181.07,777.9,-1.0316,1.6044,-1.6581,1.1898
379.86,464.92,692.49,746.63,-1.0836,0.3444,1.5008,0.3401
559.29,36.53,207.44,178.43,0.5687,-0.4895,-0.0893,0.0335
612.35,609.14,780.21,609.64,0.3648,-1.1721,0.0709,-1.223
405.25,245.71,721.51,476.16,1.4485,0.0762,2.4605,0.1561
918.28,239.3,220.03,866.14,-1.7971,-2.2937,-0.7249,-0.783
232.09,483.9,467.09,419.59,0.2433,-0.7053,-0.8119,1.6717
540.21,386.21,647.02,166.56,-0.3536,-0.5602,-0.1875,0.3283
349.55,702.36,660.98,876.64,-0.872,-0.9292,0.5198,1.01
315.51,104.67,890.34,23.97,-0.4632,-1.8782,0.8778,-0.083
76.82,431.88,506.35,651.47,-1.5606,0.3609,1.1927,-1.0449
229.98,457.74,994.67,921.83,-0.7941,0.8273,0.6294,-0.6074
175.11,57.41,567.01,547.75,-1.9339,0.3217,-0.0961,1.4817
40.14,578.15,674.35,487.79,-1.4244,0.878,0.1159,1.2601
463.77,349.51,733.02,38.7,1.3107,0.7391,-0.7066,0.5483
795.26,32.32,35.25,410.27,-0.1205,-1.3484,-0.6837,-0.2197
868.35,948.99,197.62,589.98,0.0611,-0.5559,-0.3188,-0.9692
72.85,836.86,293.22,329.13,-1.3988,-0.3083,0.9357,0.9524
353.0,685.21,45.64,612.46,-0.214,2.1265,-1.0616,1.2272
850.99,251.21,790.33,485.21,0.1825,-1.3638,-0.4629,1.0802
509.78,374.37,236.68,888.74,-1.8674,-0.3819,-0.2455,1.6123
948.96,282.0,824.71,716.83,-1.2528,-1.6997,0.3884,0.0039
762.77,231.33,898.76,626.05,-0.586,-1.024,-0.7792,-0.8144
700.43,694.5,710.4,895.5,0.7562,0.1833,-1.029,-3.3403
24.97,774.89,384.62,613.37,0.0489,0.0938,1.246,0.4013
578.47,720.85,837.08,707.67,-0.3081,0.0625,0.0699,1.8313
178.92,964.11,507.47,875.37,0.5646,-0.53,-0.2718,0.5848
846.13,762.69,167.73,886.44,0.1069,0.6093,-0.809,0.3106
870.21,33.29,422.44,908.82,0.2504,0.6925,1.3312,0.9197
960.2,303.62,834.36,319.34,-0.4666,-0.2368,0.3036,-1.4812
774.19,494.15,871.24,168.87,1.8012,-0.2151,-0.4722,2.0243
517.09,765.6,159.01,456.71,1.6973,-0.3739,-1.2353,0.2308
593.0,913.34,662.75,526.8,-1.7685,-0.0926,0.7547,-0.6282
162.09,413.0,393.24,738.56,-0.8454,-0.6131,-0.3829,1.1254
453.33,814.88,261.87,623.13,0.7137,0.4206,-0.2795,0.2969
49.14,26.74,907.48,959.67,1.0694,-1.5382,0.5616,-0.0528
514.98,348.66,734.07,625.17,-1.4319,0.4222,-0.7778,0.4066
823.09,43.58,887.65,188.09,-0.4478,-0.6552,-1.3783,-0.5789
620.21,340.74,13.12,863.42,-0.0732,0.6575,0.0856,-2.451
599.15,200.77,581.28,759.48,0.6578,1.226,1.7958,0.1754
996.03,490.47,632.21,611.14,-2.8629,0.4575,1.0458,-0.865
516.68,591.28,113.06,269.66,0.4963,0.3313,-0.0189,0.5508
515.19,428.17,102.06,141.26,0.211,1.2245,-0.1513,-0.8542
325.66,300.19,564.14,402.25,0.7311,0.3826,0.763,0.2512
677.31,718.98,748.22,156.46,-1.1078,0.1753,-0.6464,0.3273
679.42,314.75,376.08,85.71,1.0756,0.9697,0.1398,1.2373
270.9,998.8,630.28,614.37,-1.1162,0.3427,-1.2546,-0.4747
655.06,650.25,907.32,725.43,2.0991,2.066,1.0911,-1.7095
925.08,280.56,813.67,551.2,1.7157,2.157,1.3098,-1.1612
744.31,125.35,812.52,438.29,1.0556,1.821,0.817,-0.2172
907.4,730.71,52.31,242.19,0.6448,-0.4225,-0.5425,-0.6765
173.23,842.07,582.57,872.15,-0.9731,0.0804,-0.4394,-1.3061
381.18,863.67,717.23,200.69,-1.7288,0.3519,-0.4061,0.6502
452.63,203.13,252.27,272.32,-2.0958,0.1927,-0.1571,0.9175
362.52,864.14,376.47,882.89,-0.1096,-1.9039,-1.2636,1.4372
388.92,755.95,943.79,914.82,0.5753,-0.8368,0.4422,2.4974
642.96,513.66,608.24,825.36,-1.6951,0.574,-0.2527,-0.112
160.13,35.22,83.98,229.82,-0.1957,-0.2533,-0.0608,-1.1099
150.67,741.5,636.37,963.37,-1.2648,0.0092,0.0167,0.8044
249.58,719.78,26.27,266.86,-1.1618,0.3618,0.983,2.3864
988.06,319.81,65.13,69.84,2.3078,-1.154,1.1274,-0.0315
405.5,767.33,446.75,763.95,-0.5268,-1.3567,-0.5152,-0.7236
174.19,969.28,334.82,674.57,-1.2561,-0.7948,0.9876,1.0307
236.47,387.01,625.29,470.08,-0.238,-1.0716,-0.7426,-1.6595
513.61,349.82,454.0,795.74,-0.0873,-0.4687,-1.0944,1.824
64.11,796.58,111.92,429.66,-0.0988,0.0267,-1.7862,-0.453
90.23,549.77,40.82,860.19,-0.1706,-0.1222,0.2726,-0.1682
560.22,79.33,701.52,600.52,0.3313,0.5484,-1.5429,-0.9134
985.67,968.1,264.81,13.61,0.8474,0.3448,-0.8589,0.1553
142.4,385.86,824.13,758.32,-0.3608,-0.5681,-1.1318,1.2123
607.54,906.44,390.71,422.25,-0.9879,0.6093,0.1027,0.2621
175.04,718.22,572.03,766.49,-2.5282,-0.2935,-0.3069,0.0467
268.64,259.07,772.53,739.78,-0.7532,0.9724,-0.4731,-0.072
236.91,577.7,515.94,194.18,0.2127,1.0176,-2.7239,1.608
618.07,121.24,375.51,298.87,0.9755,-0.6178,-1.5152,-0.8164
47.76,262.19,884.43,251.7,1.3095,0.1305,1.0766,2.1612
206.93,263.35,167.61,239.96,-0.0589,-0.69,0.7503,1.3941
615.2,509.79,739.75,366.38,0.4929,0.033,-0.5515,-1.3994
717.27,132.33,317.32,107.97,-0.2292,-0.3342,1.3293,-0.2297
170.85,286.06,175.47,760.2,-0.4935,-0.7204,1.2354,0.0926
540.45,862.89,377.12,368.34,0.5746,-0.3665,-1.0437,0.5818
394.24,751.28,967.72,117.51,-1.0132,-0.2963,1.7577,-1.5082
506.92,410.23,82.2,841.19,1.124,-0.7222,0.8166,-2.2181
675.13,788.05,954.49,133.42,0.7638,0.45,2.0402,1.8809
798.47,477.03,456.02,66.48,0.9638,-0.2427,-0.8507,-0.1953
39.27,855.54,711.53,750.63,-1.054,1.0105,-0.9802,2.1297
650.32,372.03,629.38,872.12,0.546,0.3848,-0.0478,0.4087
208.3,797.18,955.61,15.97,0.551,0.164,0.5525,0.0479
985.66,53.65,742.7,44.05,2.2718,1.2321,-0.8404,2.7126
435.46,330.85,72.27,772.13,-0.3765,0.0871,-1.3886,0.3116
199.32,109.15,999.11,850.73,1.1986,1.6001,-0.94,-1.1465
875.2,277.43,905.21,721.66,0.1768,1.3242,0.7002,0.2753
657.84,799.15,363.37,545.39,0.2364,0.7402,-1.1727,0.9079
317.85,160.46,401.59,313.79,0.2261,-1.0153,-0.2559,-0.8173
778.19,120.42,348.7,527.19,-1.0567,-1.1378,-0.1309,0.3913
870.2,263.8,856.8,280.86,-0.5411,-0.3672,-0.068,-0.3663
727.17,383.23,27.44,701.85,0.0829,-0.9203,-0.651,0.5697
988.62,830.84,713.08,784.01,1.8778,-0.8638,0.4008,-0.1159
630.64,420.37,613.14,813.16,-0.1374,0.8424,1.092,0.0379
91.72,602.83,845.82,882.92,-0.2687,-0.0546,-0.4767,0.6377
314.92,564.82,439.42,123.68,-0.3491,1.3967,0.0096,-0.0175
446.97,734.34,961.99,319.12,1.143,0.0665,-0.3464,-0.7191
876.92,731.87,117.15,628.32,-0.3634,0.0915,1.9286,0.2533
695.97,74.9,141.33,51.54,-0.5258,1.9977,1.1137,-0.1519
557.71,63.17,820.26,952.71,-0.6566,0.1393,-0.2174,-0.5673
129.2,446.11,848.17,951.1,-0.4437,-0.4066,1.0416,0.8187
951.36,323.75,880.71,416.57,2.8617,-0.8909,-0.2099,0.4532
796.09,90.74,951.49,364.57,0.0905,0.3065,-0.8667,0.4847
957.76,348.11,27.86,743.54,-0.5685,0.6396,-0.7505,0.8251
993.55,630.34,712.13,283.67,-0.7509,0.7579,-0.862,0.5573
839.37,312.28,479.84,557.11,0.2227,-1.5932,1.572,-0.0463
40.12,715.41,411.97,931.08,-0.4287,0.5164,-0.373,0.3997
142.73,967.35,363.06,185.12,0.2612,0.7462,-1.5923,0.7163
902.89,108.13,899.68,123.88,0.4928,0.804,-0.7685,-1.0966
420.0,674.91,79.83,417.99,0.0137,0.2103,-0.469,1.1475
13.54,782.11,975.13,943.24,-0.4844,1.2686,-0.0476,-0.2876
945.75,869.23,748.57,640.62,0.4609,0.5547,0.9742,0.3018
663.36,285.85,376.83,175.64,0.8439,0.864,0.0612,0.8488
413.46,105.2,805.64,899.24,0.637,-0.6502,-0.295,-0.3011
787.6,736.82,275.77,207.0,0.5628,0.4508,0.2861,-0.2913
297.55,116.25,246.99,504.12,1.8852,-1.508,-0.6301,-0.6285
387.85,350.66,647.67,475.61,0.477,1.2537,-1.5005,1.0184
710.53,177.19,623.87,478.51,1.039,-0.4525,-0.5612,0.2819
444.14,632.35,753.06,430.83,-1.268,0.2786,1.6666,-1.7382
355.91,340.64,903.13,286.58,-1.8281,0.9753,0.1748,1.0123
571.31,28.68,892.92,936.78,0.4522,0.5873,-0.4535,-0.0366
954.7,611.61,955.23,959.68,-0.6139,1.0641,1.1071,-1.6019
633.69,739.5,956.41,288.84,-0.0897,0.2255,1.6213,-2.4662
873.5,470.81,765.98,131.71,-0.2742,-1.1493,-1.8298,0.2118
672.62,52.11,640.34,412.92,-1.5075,-0.9231,-1.4376,0.1704
851.98,180.07,326.33,781.73,1.2013,-2.2883,1.8298,2.0689
456.15,922.57,657.09,586.02,-0.144,-1.835,1.2354,-0.0605
248.31,66.74,566.76,716.94,-0.563,0.6726,-0.3189,-0.5192
106.19,922.06,266.59,144.8,1.1751,-1.1087,0.2848,-0.4514
230.17,449.56,784.55,712.13,-0.8111,1.6029,-0.9599,0.0072
537.81,560.51,309.56,319.73,0.6409,1.6202,0.4862,-1.5328
766.36,203.13,388.64,685.53,0.0484,3.0305,0.9514,-0.9959
671.24,652.95,467.1,823.84,0.4138,-0.2138,1.7657,-0.996
456.33,76.24,759.07,717.95,1.3591,-1.6853,0.7986,-0.3862
41.71,970.44,604.78,412.43,0.9987,0.4485,1.0757,0.0068
817.31,661.37,716.42,78.13,2.1588,-0.8731,0.0516,-0.5811
952.76,468.6,952.1,511.69,-0.1379,-0.9472,-1.7177,-0.2667
463.93,261.8,464.05,268.64,-0.6002,0.4946,-0.2078,-0.8078
637.49,62.9,801.6,179.35,-0.8896,0.6301,-0.7371,-0.5949
427.65,332.13,217.9,895.25,-1.2003,0.335,1.3902,0.9421
546.4,292.65,11.99,972.41,-0.0723,-0.0118,1.096,0.3164
98.57,781.69,460.71,998.48,0.0505,-0.5418,-0.1716,-0.2176
914.61,326.12,482.04,393.79,-0.3044,-0.3797,-1.8021,0.9684
989.82,766.91,823.87,257.15,2.2768,-0.292,0.8842,-0.2292
992.92,823.58,179.81,177.74,-0.6277,0.6889,-0.1427,1.0903
418.04,654.6,664.52,439.71,1.3991,0.5463,-0.9425,-0.249
565.57,619.15,810.27,215.13,0.4453,1.1408,1.4851,0.9837
140.59,264.92,690.93,448.39,0.0856,1.4048,-0.2838,0.3308
257.93,329.1,154.02,243.07,1.0207,-0.6097,1.3166,0.3057
399.53,641.18,926.37,233.47,0.0123,-1.0724,0.1864,0.621
545.45,948.42,209.2,595.1,-0.8169,1.1929,0.2755,0.9165
52.4,122.1,847.09,372.84,-2.1529,-0.7915,0.5305,1.1836
713.2,733.19,62.1,540.13,-1.0747,1.6616,0.4548,-0.2919
556.06,28.62,603.65,458.11,1.6756,-0.0113,-1.0201,-0.2273
745.9,23.32,439.43,537.06,1.0595,0.1353,0.3987,-0.8737
601.59,94.21,204.1,547.31,0.8067,0.2543,-0.4889,-0.206
128.28,808.71,779.9,671.8,-0.1542,-0.0401,-0.4788,0.8199
418.38,294.0,176.55,847.53,-0.0728,0.3048,-0.8974,-0.727
751.61,347.12,461.16,813.96,-0.4624,-0.1602,1.0549,-0.5541
38.72,144.19,920.81,749.28,0.8696,1.3836,-0.1642,-0.6887
536.01,632.2,792.67,96.73,-0.558,0.8493,-0.0243,-1.8415
139.83,437.65,261.61,832.26,0.4516,0.3505,0.2274,0.0605
310.88,672.4,92.2,728.91,-0.5233,-0.0466,-1.2268,-0.1568
464.19,828.32,650.02,762.62,-0.4545,-0.4913,-1.3511,-1.5696
742.46,437.05,388.18,170.23,-0.5747,-0.7862,1.4389,0.3956
662.94,431.03,982.75,624.15,-0.6871,-1.1196,-0.784,1.5513
430.23,454.19,346.8,578.28,0.0478,0.0546,0.5883,-1.3979
935.59,976.95,830.3,130.46,-0.0099,-1.0856,0.4316,0.1318
755.6,379.16,506.45,147.01,-0.7181,-1.447,-0.089,-0.7754
749.01,540.98,648.83,602.63,0.3671,-0.5107,-0.3144,0.2854
36.75,984.1,712.03,667.9,-0.7897,0.2914,-0.5557,0.4878
320.97,92.63,10.46,571.17,0.8362,-0.2357,0.1114,-0.9209
844.95,826.34,52.0,296.44,-0.5488,1.2906,0.0937,-0.0365
620.55,730.61,724.08,34.95,-0.3851,0.222,2.0855,1.4231
65.19,266.32,226.82,200.69,-0.6753,-0.268,-0.2252,1.5789
617.75,683.42,674.16,592.87,-0.3721,-0.9298,0.5576,1.2354
912.71,948.39,641.29,194.63,0.1534,0.3196,0.8253,-0.0871
492.01,350.05,356.4,506.9,1.4725,-2.6771,1.8385,-0.4072
979.27,182.33,534.43,642.26,-0.6977,-0.1364,0.9725,0.6298
77.17,663.52,904.45,62.53,-1.5455,0.141,-1.4996,-0.0227
336.33,954.56,132.59,311.47,0.3112,-0.2378,-0.8966,0.6047
251.05,499.31,897.04,836.71,0.2274,-0.4277,-0.2037,-0.6753
475.39,987.11,597.54,160.45,-0.6573,0.6773,-0.3554,1.8753
414.04,451.41,539.91,236.97,0.3699,-1.1033,-0.2867,0.5484
766.77,934.37,118.91,613.1,-0.7332,0.1931,1.721,0.4524
634.52,560.74,449.95,834.75,0.4115,0.6605,-0.737,-0.1317
184.09,657.98,341.36,182.83,0.9995,-1.801,1.423,1.4081
712.23,838.39,290.43,250.95,2.1694,-0.6246,1.8389,0.5428
272.21,93.29,829.66,918.54,1.3394,0.0742,-0.6214,0.8818
115.7,342.72,488.44,336.52,-0.0548,0.0214,-2.29,-1.8189
608.98,790.8,239.49,818.83,-0.3113,-2.0172,0.9838,-0.54
544.73,134.94,771.53,544.65,-0.9642,-1.271,-1.0823,-1.3736
15.3,569.17,524.85,315.42,2.5006,0.554,-0.1949,2.1312
135.91,807.44,839.7,733.18,0.9542,0.603,0.0064,-1.4698
653.38,118.99,442.53,376.73,1.3511,-0.3823,-0.6454,1.1205
408.89,942.69,905.64,828.98,-2.2355,0.0887,0.8503,-0.7543
429.26,309.84,324.71,913.77,-2.4098,-0.3615,-0.228,0.051
655.87,314.58,666.9,742.74,0.1611,-0.2732,-0.564,1.0927
71.57,118.27,290.79,693.44,-0.7608,-0.109,-0.1743,0.3194
334.47,439.15,316.91,800.82,-1.7447,1.4767,-1.2143,2.7959
113.31,872.0,797.49,424.9,0.0637,1.5726,0.7769,0.2806
454.56,920.03,244.5,968.65,-0.5825,1.0638,-0.277,0.796
578.9,255.99,729.96,321.95,-0.992,0.3199,0.8982,-0.1826
227.55,687.78,143.5,552.94,-0.2523,0.5489,0.3142,-0.1808
626.77,426.98,248.81,291.95,1.4721,-0.2837,-0.2443,-0.2285
254.37,330.11,228.58,105.85,0.027,0.6333,0.5266,0.7288
827.99,358.52,776.92,964.2,1.641,-0.8712,0.5973,0.2343
839.93,727.02,284.51,120.57,0.1344,0.6477,0.0217,-1.2207
175.48,752.42,922.05,913.0,-2.9391,-1.6762,-1.5592,0.1907
473.82,651.43,470.57,452.66,-0.7598,0.214,-1.1305,-0.3408
227.4,432.71,161.26,986.6,-1.402,1.2244,-2.8702,-0.256
686.57,528.05,561.22,98.92,0.9527,-0.5098,1.0529,1.1956
239.76,798.27,70.27,364.41,0.7741,-1.3764,0.1881,-0.84
39.71,776.57,810.58,699.2,-1.046,-0.4289,-1.6702,-0.0073
638.22,560.05,547.32,317.46,-1.7502,-1.7881,0.3617,0.0706
724.52,839.78,309.1,526.48,1.0696,-0.1335,0.2815,1.6795
794.62,418.62,424.33,53.06,0.4181,0.3615,-0.9145,0.9126
381.93,149.43,529.08,742.11,2.4457,0.4416,1.0574,0.8856
236.22,746.27,790.58,581.58,-0.3628,-0.1119,-0.5763,-1.1988
397.29,540.5,620.98,702.76,-0.8437,-0.3106,0.3581,0.7543
740.94,646.71,695.51,581.08,0.1605,-0.0682,-0.2893,-0.0697
727.19,162.51,142.08,375.4,-1.81,-0.1426,0.7105,-1.8695
814.09,302.83,893.2,129.05,-0.4126,-0.7039,-0.0949,-0.9508
579.16,231.2,745.59,289.32,-0.8014,-0.0459,0.5534,0.5984
10.49,974.24,843.24,49.24,0.9337,0.464,-0.7579,1.2421
902.5,563.31,196.51,16.15,0.9346,-0.7122,0.0717,2.3558
374.83,572.74,770.72,94.16,-0.5352,0.4865,-0.8924,-0.243
482.13,55.14,295.8,527.12,-1.2412,-0.0698,-0.5287,-0.9703
827.85,264.67,348.32,68.75,1.3716,-0.3264,-0.6165,0.1036
818.63,588.83,435.26,96.05,-0.5968,0.2262,0.8918,0.8026
547.75,548.16,13.02,240.52,0.2021,1.1658,0.7168,-0.0937
234.82,537.61,496.13,239.47,-0.0936,1.5985,0.7829,0.5115
511.49,912.29,355.05,576.68,0.3939,0.0848,-1.775,1.8122
767.05,711.31,146.07,469.68,1.3216,-0.4421,-0.0733,-1.3363
975.16,53.65,353.92,792.49,-0.1474,-0.5317,-0.621,0.0775
144.7,827.67,756.77,292.57,0.7484,-0.444,-0.7695,0.3717
646.95,947.33,674.97,225.32,0.9241,0.47,-1.093,-0.7494
121.55,170.34,979.8,858.66,-1.1762,-0.6485,-0.2711,0.1509
358.45,255.59,321.1,825.41,2.816,0.1181,0.7811,-0.7381
404.33,689.0,426.26,876.39,0.0694,-0.7616,0.703,-2.4118
482.28,483.33,104.61,240.18,0.5602,-0.2234,-0.0771,0.6922
512.18,434.42,309.1,814.3,0.7802,-0.5686,-0.6979,0.5677
765.87,41.01,262.79,194.11,1.2961,-0.3793,-0.2771,1.3582
663.83,907.48,736.44,462.22,2.7604,-0.5371,-1.0064,-0.769
742.9,640.71,653.52,125.45,-0.4756,1.0515,0.1345,-1.2067
496.73,914.9,119.22,466.83,-0.2736,-1.2485,-2.1175,-0.838
205.09,598.43,107.55,648.03,-0.0997,2.5888,-0.2556,0.186
190.35,134.2,835.06,355.93,0.5595,-0.3508,0.0294,0.6596
748.37,951.08,641.4,773.06,-1.0544,0.1871,-0.5427,-0.5059
120.37,940.68,948.72,761.38,2.545,-0.3967,-0.6958,-1.6104
668.81,189.97,846.87,267.66,1.0763,-0.9714,0.19,0.3755
297.13,602.06,235.65,330.41,0.6814,-0.7387,0.4532,0.0268
499.3,840.2,483.39,982.01,0.0833,-1.61,-1.0373,0.0667
312.28,953.85,142.17,841.56,0.1887,0.4822,-1.0712,-0.5668
710.03,213.19,741.29,294.43,0.3886,-0.4311,-0.149,0.1896
439.86,260.39,807.88,782.54,-2.4256,0.6445,1.6467,-1.0456
73.81,232.38,281.85,181.66,-0.338,1.4096,-0.4792,-1.3603
589.42,455.97,287.05,687.45,-0.5124,-1.7647,-0.0186,-0.2768
223.87,296.42,28.39,388.24,0.1757,0.7557,-0.8444,-0.4447
436.14,811.48,705.96,871.18,-0.3928,-1.1785,1.8464,-0.9854
192.14,353.44,659.55,916.13,-1.5823,-0.3031,2.084,2.1766
137.56,895.66,441.75,498.45,-2.3922,-1.2772,1.276,-0.9547
847.92,666.14,70.43,566.75,0.6429,0.3337,-0.3737,0.6021
904.23,699.26,319.25,584.7,-0.9408,1.2342,-0.355,-2.6827
845.03,127.96,890.61,325.77,0.8817,-1.2256,0.8206,-1.551
68.95,10.98,812.23,447.05,-0.4895,-0.755,-0.6094,0.07
525.49,614.57,967.53,989.4,-1.1121,0.7999,-0.3895,-0.1238
333.93,135.08,948.87,106.76,1.2906,-1.4625,1.0801,0.0375
606.36,15.4,500.35,893.36,-1.3701,1.7899,0.7006,0.059
425.88,420.09,790.91,936.44,-0.6718,-0.0869,0.6862,-0.568
782.41,232.2,273.75,243.12,0.0071,1.7827,0.6982,-0.4336
778.94,902.43,96.36,308.63,0.3284,0.4198,-0.7029,0.7709
870.19,583.52,32.46,219.75,-0.575,1.3678,0.5029,0.4083
675.22,943.99,327.79,884.58,-1.6004,-1.6715,-0.4647,0.1221
784.25,931.21,694.05,994.84,-0.0273,-0.2823,0.6366,-0.1153
679.36,118.41,523.32,759.87,-1.7749,1.9915,0.2017,-0.5688
487.44,52.98,735.34,548.11,1.251,1.0579,-0.9057,-0.2793
467.55,555.49,139.21,443.68,-1.3735,0.1407,0.0524,1.015
871.25,698.3,923.96,540.06,-0.1687,1.6375,-0.726,0.965
542.45,202.28,648.88,127.99,-0.0906,0.7537,-0.059,-1.0259
977.34,805.42,143.84,667.7,1.1205,-0.9853,1.6351,0.1195
401.99,939.63,559.47,798.48,-1.165,0.9533,-0.0442,0.058
691.08,303.28,135.33,922.28,0.3137,0.7897,0.7546,-0.4603
545.57,520.89,163.88,73.45,-0.2588,-0.0642,-0.3135,-0.9594
395.02,414.1,710.85,673.47,-1.1063,0.4071,0.849,1.4881
538.76,207.35,434.63,549.18,0.4378,-0.5425,-0.1866,0.2613
330.46,299.46,840.78,431.2,-0.743,0.4561,-0.1085,-1.5143
255.66,797.33,943.51,741.22,0.0049,0.4935,0.2614,0.0804
798.79,994.82,382.47,595.17,0.6898,-0.4351,-1.3041,1.5112
250.57,410.95,184.02,940.95,-1.1931,-1.2599,-0.0159,-0.6202
373.65,719.61,708.33,48.85,-0.9658,-1.2422,-0.1346,0.3511
771.18,520.76,659.86,771.44,1.6584,1.2504,1.3416,0.2692
989.92,660.07,853.0,947.39,0.9441,0.7331,0.8137,2.4933
735.02,137.24,934.63,851.22,-0.2801,2.0248,-1.0724,-0.3409
706.18,667.36,588.04,162.42,1.1434,-0.5906,0.8934,-1.3014
195.3,186.5,343.66,970.35,1.1507,0.6434,-0.7644,-0.0919
261.47,774.42,193.42,162.48,-1.7878,1.5965,0.0436,0.5087
793.62,684.56,352.66,243.07,-0.2808,0.3809,1.8751,-0.2586
802.96,317.51,96.01,467.12,-0.1061,-0.5449,2.1074,-0.1393
204.87,99.68,814.64,887.99,-0.2117,-0.623,-0.967,0.7142
344.77,290.55,787.15,948.86,-0.279,0.875,-0.9316,-0.1023
985.44,466.4,511.1,792.29,-0.3192,-0.2446,0.0828,0.1245
13.23,965.63,242.39,173.13,0.9688,1.8145,-0.1011,0.3732
183.77,969.67,766.8,315.86,-0.3077,-0.0695,0.9049,0.5729
447.52,145.22,11.86,533.58,0.1525,-0.7912,0.8793,1.4776
343.59,394.35,708.1,893.93,-0.4148,-2.3516,1.1562,1.7428
857.38,12.34,807.17,63.93,-1.1782,-0.0519,1.2483,-0.7808
640.02,844.82,500.59,327.54,-0.0815,-0.0442,-0.3996,1.9708
348.76,564.77,933.19,961.29,-0.6732,-0.7341,-1.0799,-0.4115
539.64,355.66,596.37,891.13,0.8899,-2.1824,-1.2321,-0.8103
604.07,281.17,586.03,196.09,0.1529,2.185,-1.9699,-1.3575
360.6,932.76,461.34,643.46,1.2573,-0.2346,0.3451,0.4079
603.13,671.5,957.26,194.68,-1.5248,1.5665,0.976,1.204
123.43,358.74,421.48,621.96,0.2476,-0.6965,0.2467,0.4756
979.06,732.41,601.49,332.92,-1.4957,-0.3674,-1.3922,1.2554
332.27,791.83,936.3,954.76,1.4625,-0.2532,-1.3066,0.4377
264.43,770.32,221.55,937.79,-0.8997,-0.7735,0.1348,0.8665
353.55,361.47,646.49,273.3,-0.5977,-0.0277,-0.6869,1.6832
791.53,52.46,982.38,688.95,-1.2488,-0.8966,0.6166,-0.7729
521.04,683.99,857.91,804.67,-1.0299,-1.1277,0.5393,-2.0139
787.73,120.18,272.91,581.92,1.6005,1.1813,0.7911,-0.2229
449.16,553.49,272.87,34.97,1.0204,-2.1462,-0.0464,1.6387
698.74,162.61,187.05,258.96,0.927,-1.5179,-0.5816,0.375
439.23,41.68,105.95,764.57,1.7097,0.7147,0.461,0.8254
776.36,231.9,290.8,747.48,-0.4341,-2.1693,1.1428,1.2835
725.36,536.04,540.28,441.43,-0.5837,0.4539,-0.8754,-1.4368
348.91,424.81,304.23,189.28,-1.865,-0.3794,-0.566,0.2727
892.69,175.33,974.23,90.85,0.2861,0.5753,1.2551,0.7979
922.49,314.93,654.89,458.47,-0.834,-1.032,1.5222,-2.6847
842.62,567.53,452.04,657.42,1.8232,-0.7672,-0.7244,-0.1711
71.97,796.69,473.7,710.82,-0.7257,-0.273,0.0406,0.3088
262.73,768.8,855.53,812.64,0.8286,-1.0113,1.4318,1.7637
540.19,66.03,284.09,534.14,-0.3814,-0.0792,-0.0819,2.0771
587.6,691.93,404.34,425.41,-0.1905,0.0347,-0.6954,-1.367
325.78,286.39,827.73,116.58,-2.2346,0.2121,-0.243,0.2928
227.2,522.05,635.52,453.07,0.0122,1.0112,0.6132,-0.7099
565.14,802.13,261.63,768.03,-0.9717,-1.096,-2.2962,-0.1632
309.04,127.02,563.4,277.82,0.0967,-0.5348,0.1603,0.6021
245.09,339.86,640.48,264.08,-0.6897,0.2051,-0.584,0.7184
665.92,217.77,977.75,174.78,0.5949,0.2118,1.9233,0.6586
571.14,492.04,331.44,453.85,-1.4462,0.6831,1.8684,-0.4797
702.54,613.56,832.16,317.13,-1.1751,-0.3728,0.2128,-2.3651
180.27,434.93,561.0,481.8,-1.9852,-0.2113,-0.2898,0.501
372.62,490.61,522.25,98.5,-1.1913,-0.2275,0.6943,0.9893
831.43,683.06,803.87,388.47,1.2786,0.6665,-2.1342,-0.5859
510.94,71.41,293.98,679.36,0.0104,0.0641,0.1915,0.575
706.45,71.52,566.85,925.33,-1.6775,-0.1233,-1.1452,-0.2353
652.58,210.05,452.63,861.85,0.1607,0.8604,-2.7317,-0.2104
806.55,330.24,549.98,161.95,-1.2787,-0.0932,0.8047,-2.2119
969.78,551.42,342.84,859.03,-0.7878,1.886,-0.3657,-1.8859
976.33,338.54,239.49,567.09,1.8563,0.3335,-1.5756,-0.7225
705.51,602.19,54.92,879.77,-0.0754,-0.4965,1.1959,1.4503
244.72,486.27,262.73,568.66,0.9862,-1.4718,1.2534,-0.0454
100.15,476.12,94.66,764.22,0.2885,-0.9187,-0.4852,-0.2055
834.14,19.82,538.0,642.34,0.5338,-0.2913,0.9344,-0.1598
400.69,803.28,826.03,532.16,0.0906,-2.6331,-0.0835,-0.5483
869.85,692.5,867.69,429.21,-1.3646,-0.0998,0.1439,0.0458
576.39,713.46,661.11,554.44,0.6203,-1.4053,-0.6631,-0.0196
211.84,193.41,126.37,948.73,-0.2967,0.9873,1.1196,1.6308
551.68,101.92,957.82,430.05,-0.3827,-0.3547,-1.799,-0.4115
559.38,680.01,86.4,592.66,-1.7031,-0.7923,-0.3418,-0.9414
656.77,314.95,997.74,948.87,0.8415,-0.2294,-0.2526,0.917
809.58,129.81,197.61,590.65,1.4124,-1.4764,1.2129,-1.4064
730.42,211.85,892.45,369.07,-0.0689,0.3886,1.2003,0.2079
87.29,368.5,614.0,555.99,-1.8058,-2.4371,0.9831,0.9663
528.39,265.05,917.08,691.52,-0.9456,-0.3763,-1.5076,0.1192
869.35,528.19,104.45,257.6,-1.8012,0.8543,-0.7796,-1.9187
136.03,243.57,850.39,197.53,-0.1184,-0.5412,0.729,0.7925
582.74,769.16,48.0,469.47,-1.4931,0.3854,0.9641,1.338
497.13,279.78,91.54,72.18,2.0625,-1.2854,2.0719,-2.0558
441.66,113.24,974.95,375.78,0.8336,0.5999,-1.1036,0.2707
174.73,628.02,215.77,373.22,-0.2689,1.7672,1.4376,-1.3537
484.37,314.5,839.0,799.43,0.0002,-0.6765,1.6718,-1.1189
400.11,199.15,455.05,666.08,1.2713,0.9008,-0.6016,-0.939
944.98,722.91,882.22,771.53,0.3763,0.2256,0.8629,0.2071
740.77,96.68,56.27,411.92,-0.0831,0.2214,0.6847,0.3186
117.88,466.23,635.36,935.51,-0.8551,-3.4003,-0.9811,-0.9493
504.25,814.04,556.43,684.57,-1.1403,2.0581,1.4574,0.1013
326.05,247.18,562.07,842.49,0.3282,0.7523,0.2785,-0.5781
282.88,305.6,191.88,395.99,-0.248,0.1166,-0.5393,-0.9698
158.23,914.33,292.9,937.04,-0.72,0.7886,0.6671,-0.0249
710.75,809.32,54.07,444.02,0.8651,-0.3937,0.6035,0.7008
101.28,96.83,431.7,35.82,-0.9127,0.2358,-0.8682,0.8894
374.54,756.31,410.28,882.11,-0.5829,-1.3718,-0.6136,-1.2276
895.66,34.25,223.51,322.37,1.1994,-1.9904,-2.354,0.0429
553.19,454.16,580.09,242.64,0.15,-0.8461,-0.05,-0.8267
670.34,740.79,774.06,687.05,1.6596,-0.6991,0.2309,0.2363
335.47,319.47,685.73,52.59,-0.9233,0.3414,-0.6607,0.0828
133.69,976.28,551.76,734.59,-0.2199,-0.0596,-0.2355,-0.3133
455.92,581.87,49.36,754.57,0.263,0.2491,-0.5166,-1.6074
137.5,17.22,860.92,307.91,0.747,1.5423,0.5792,0.7885
220.93,175.1,920.21,489.22,-0.1671,-0.5784,-0.7505,-1.2582
379.56,703.03,852.83,852.75,0.9699,0.6132,-0.0024,0.1766
66.62,476.84,214.22,433.26,-1.3956,-0.1311,-0.8388,0.584
179.34,573.39,781.37,814.84,-0.3272,-0.0963,-1.0686,1.5158
449.85,168.75,15.76,259.91,-1.1116,-0.7744,0.6931,0.2769
397.95,699.99,921.56,244.02,0.4225,-1.5815,0.29,0.014
249.52,39.51,359.33,304.82,-0.5413,-1.3854,0.0192,0.949
702.19,587.84,212.29,339.09,0.4029,-0.4047,0.4499,-0.3275
432.67,63.35,906.86,572.83,0.6952,-2.1099,2.8093,0.1199
511.34,64.66,98.83,586.92,-0.125,-0.0052,0.548,-0.0383
708.58,622.15,591.97,193.06,0.4393,0.5456,0.7392,0.2065
882.7,961.45,272.16,518.78,-0.631,0.3064,0.2119,-0.6404
609.8,528.6,25.81,807.02,-0.527,0.4972,0.2869,0.1127
826.76,652.49,349.55,581.08,-0.5564,0.4831,0.2812,-1.0592
526.99,448.68,685.88,821.24,-0.4213,-1.1961,-0.1142,1.1963
211.82,170.18,158.59,671.15,0.0261,0.6033,0.198,0.0412
392.56,495.31,510.21,905.21,-0.7249,-0.2797,-0.0548,0.8343
129.24,848.98,171.3,679.92,-0.6215,-0.3098,-1.9604,-1.1626
602.52,341.41,858.62,321.15,-0.8712,-0.2892,-0.3508,0.8055
550.3,69.92,277.65,769.21,-0.8206,-1.3634,2.7216,0.804
283.04,73.58,463.63,188.04,-0.3812,-2.8585,-1.4086,1.2046
447.67,817.14,574.12,953.28,-0.5974,0.9254,1.379,0.0789
807.88,789.6,701.81,426.41,0.4256,-0.3589,1.6468,-0.8571
751.22,985.47,732.59,462.85,-0.2682,0.482,-0.4096,1.6701
12.91,907.8,102.75,462.33,0.8402,0.6889,1.6497,-0.4166
603.04,73.44,348.03,35.1,0.674,-1.2203,-1.9061,2.367
118.59,851.08,439.32,468.2,0.3367,0.9362,-0.9159,-0.1404
921.85,671.44,832.81,612.01,-0.7,-1.3479,0.5387,0.7341
754.92,267.85,12.83,757.1,1.2223,-0.5037,-0.2792,-0.4889
541.47,832.4,739.45,842.74,1.1736,-1.6763,0.1433,0.2313
473.94,274.85,792.39,240.06,-0.089,0.7368,1.5415,-0.4845
330.44,660.28,426.42,794.99,-0.8575,-0.8838,0.1337,-0.1363
59.32,474.96,26.24,645.67,-0.5997,-0.0505,-0.3479,1.0303
449.32,888.6,408.34,484.87,0.0362,0.7619,0.543,-1.6567
447.08,564.92,611.64,268.72,0.9253,2.223,1.9541,1.0025
753.96,217.29,289.44,835.09,0.3484,-1.0581,0.0473,-0.7023
43.93,72.92,452.68,571.14,0.1068,1.0625,-0.8503,0.6969
466.22,330.35,880.93,894.9,-0.9215,1.4847,-0.9466,0.0074
734.95,543.01,590.69,12.0,1.1778,3.0735,-0.6926,0.4955
320.52,422.4,446.36,938.64,-1.7722,2.2125,-1.4871,0.1992
701.86,752.65,786.24,819.8,1.4649,0.7328,0.6937,0.3527
769.87,238.47,21.67,356.11,0.315,0.9896,-1.2098,0.4489
24.13,492.52,325.55,222.73,-1.2325,-0.3744,0.4714,0.6193
761.36,341.25,655.38,62.57,-0.5513,-0.8945,0.724,-0.6991
792.88,768.96,294.34,34.01,-1.269,-0.5258,-1.6273,0.8416
191.15,705.87,416.63,380.13,1.1444,-2.3888,-0.206,-2.2058
398.92,102.88,836.48,200.22,0.155,-0.9725,0.3525,-0.2502
558.59,675.3,166.74,471.73,-1.0782,1.1403,0.6479,-0.699
526.03,562.89,617.06,971.03,-0.8398,0.4286,-0.971,0.7435
391.58,975.06,984.33,554.46,0.5543,0.4886,-1.1467,1.0615
431.36,982.51,377.76,122.67,0.2647,0.7869,0.3761,0.872
33.42,234.7,141.86,973.16,0.0614,0.6473,0.527,-0.4478
998.43,308.52,260.09,754.66,0.5654,1.4187,1.0089,0.9962
537.75,539.27,888.44,238.31,1.2393,-0.919,2.1229,-0.208
510.48,459.57,314.63,981.37,-0.4388,0.89,-0.8496,0.275
921.01,675.7,520.58,407.64,1.1462,-0.3511,0.3936,-1.2971
486.65,341.54,207.08,793.38,-0.031,1.5813,-0.2664,-0.766
548.86,120.34,771.14,440.19,0.1345,-0.8555,-0.8086,0.9928
791.44,835.68,424.47,472.67,-0.3867,1.5924,-0.5163,-0.5457
697.99,669.78,29.6,243.32,-1.8048,-0.3911,-1.6403,0.6892
443.05,628.73,779.77,814.78,0.1965,0.4263,-0.8757,-1.5241
474.04,714.98,443.82,218.52,0.7437,-0.1914,-0.1429,-1.0859
482.43,15.06,393.47,100.47,0.3796,2.1245,-0.4932,-0.6531
43.39,205.43,398.91,593.41,0.7326,-0.9328,1.0487,0.7072
805.24,563.02,810.85,353.13,0.5447,2.9219,0.0197,-1.8094
49.09,346.23,798.75,38.86,-0.1577,-1.1608,-0.3783,-0.1655
619.14,316.3,814.97,267.02,2.33,-1.0793,0.2146,-0.1796
893.53,990.76,72.55,643.88,-0.7068,0.0971,-0.3248,-0.1446
485.83,638.35,941.67,184.53,-0.6008,-0.4362,0.8183,-0.4862
849.37,34.53,169.65,891.48,1.3209,-0.4678,-0.6047,1.6565
156.72,834.25,534.75,767.75,-1.2808,-0.5946,-2.9297,0.1252
145.33,417.28,290.89,548.85,1.2576,-1.9029,0.5214,0.1811
11.14,608.35,563.64,667.71,-0.1225,0.0342,0.684,-0.5685
737.89,207.16,434.48,457.41,2.3098,-0.9369,-1.2169,1.4037
12.39,522.86,680.47,832.88,0.0575,-0.4264,-0.2164,-0.557
290.8,780.71,276.83,415.85,-0.7076,-1.4537,-0.6869,0.506
700.16,932.36,347.47,927.21,-0.3407,-0.607,-1.2429,0.2225
125.1,584.76,156.61,23.85,0.2439,-0.3448,0.0706,-1.1744
973.58,230.85,852.82,16.1,0.0827,-0.569,-0.5889,-1.6747
322.13,510.38,137.11,848.99,-0.8518,-0.6148,-0.1471,1.7135
578.44,641.04,899.4,660.98,-0.7976,-0.6231,-2.1968,2.1032
167.62,171.56,76.61,829.79,-1.4545,-0.8017,-0.1586,-1.6703
282.6,675.78,184.83,453.57,0.8253,0.0756,-1.0519,-1.0314
765.61,546.71,164.98,607.1,-0.6494,1.3056,-0.0994,-0.3506
133.47,385.62,120.61,306.27,0.4031,-0.7466,1.8704,0.2396
433.7,569.16,620.93,600.32,-1.4898,-1.6637,2.2002,-0.4088
699.54,454.52,230.95,335.58,0.7241,0.007,0.3225,1.0622
796.37,60.55,661.78,207.97,-1.05,-0.994,-0.519,0.7241
295.68,494.68,382.02,211.33,1.7527,0.4822,-1.4215,0.8524
239.17,185.77,263.4,484.94,0.1763,1.4904,-1.7096,0.2402
547.58,117.29,690.1,689.62,-0.8532,1.0947,0.3869,-0.8173
857.0,864.1,667.29,156.85,-0.9972,-0.5589,-1.1334,-0.5459
637.72,112.36,196.35,175.12,1.6298,1.067,2.2446,-0.3494
124.48,171.68,153.4,345.31,1.2737,-0.1306,-0.9434,0.951
660.34,599.35,872.27,685.88,0.9659,0.2307,3.166,0.9992
386.28,897.42,65.89,278.72,0.127,1.1725,0.3145,-0.217
979.43,339.1,846.29,736.56,-1.5107,0.4718,-0.6309,-1.8696
572.17,974.83,919.13,289.56,-0.1888,-0.07,0.1622,0.586
772.52,274.17,217.28,113.82,0.2138,-1.223,1.7119,0.3328
761.24,197.98,437.33,253.33,0.0133,0.8496,-0.425,-0.8419
520.02,474.86,418.01,804.47,1.318,-1.1708,-0.6989,0.4
843.4,947.5,435.53,194.47,-0.6901,-0.2109,-0.2164,-1.3433
139.2,206.56,859.42,69.16,0.3241,0.2894,0.4072,-1.2398
477.46,831.88,494.13,639.31,1.8801,1.4508,-0.4702,0.3074
706.37,830.1,482.88,143.24,0.013,-0.064,0.4483,-1.6101
745.72,842.67,851.19,192.06,0.9263,-0.1797,-1.8041,-0.808
483.5,136.76,199.07,545.72,1.226,-0.2295,-1.4639,0.8527
698.54,607.83,701.57,434.47,2.1915,0.5542,0.595,0.65
354.6,283.41,856.72,30.61,1.6458,0.6988,1.1196,0.8361
90.6,85.64,240.14,656.14,1.1706,0.2129,-0.1267,2.0123
202.23,274.09,819.31,124.03,0.5396,0.5348,1.4815,-0.3953
71.27,223.43,941.36,284.84,0.5102,-1.3191,-1.6481,1.793
960.42,404.35,503.5,914.7,1.2806,-0.089,0.027,-1.1429
431.59,905.63,800.5,80.52,-0.5918,0.4645,-0.6274,-2.997
793.61,430.4,461.36,571.65,0.1192,-0.8057,0.8805,0.2313
212.99,992.33,828.37,381.1,-1.8352,0.5574,-0.1699,0.4838
875.46,389.24,822.99,582.53,0.8742,1.4945,-0.2849,-0.7602
670.79,771.49,758.85,254.55,0.308,-0.1967,0.1267,1.0755
47.23,160.36,53.37,828.95,-0.9579,-1.4437,-0.0435,-0.5945
37.22,159.33,648.46,407.62,-2.1439,-1.2393,-1.1163,-0.5999
146.68,977.45,586.29,960.87,-0.1062,0.1364,0.1767,-0.1104
406.52,30.74,212.45,560.93,2.2983,0.3247,-1.7283,1.3303
92.52,817.48,512.07,865.78,1.0701,0.9848,-0.4533,-2.5535
611.12,146.68,888.57,763.3,0.8319,2.545,1.6825,-1.4589
106.64,936.18,83.86,587.55,0.5056,0.5096,1.48,0.1185
754.23,737.06,818.08,133.53,-1.86,1.4257,0.2647,0.1836
357.97,400.19,645.79,198.34,-0.8201,1.4815,0.5415,0.1792
258.38,536.14,586.58,578.91,0.3429,0.9187,-1.2295,-1.4597
669.59,938.7,661.07,54.32,-0.5763,0.7777,-0.0764,0.5614
106.89,664.39,879.76,958.63,1.4644,-0.7917,0.7568,1.3117
956.59,264.52,794.91,299.49,-0.4011,-0.3787,-2.0075,-1.0109
613.28,700.91,386.45,592.44,-0.7293,0.2122,-0.0958,2.2576
593.11,214.68,922.87,619.96,1.8442,1.1045,0.0814,-2.47
94.21,512.64,224.53,82.41,-0.725,-0.2024,-0.2285,1.3283
264.09,367.98,285.66,705.27,-0.019,-1.5776,0.3938,0.0659
382.17,383.83,125.81,537.67,0.3241,-0.9992,-1.0594,1.3565
345.91,835.2,818.53,850.35,-0.7498,-0.4004,-0.2226,-1.4962
643.3,439.9,600.48,427.75,-1.6148,-0.554,0.5834,-0.0106
349.78,252.79,58.33,598.09,1.0895,-2.5891,-0.9081,-0.2582
293.25,619.21,423.11,225.45,0.677,-0.7885,-1.1317,0.3261
907.7,604.17,915.04,874.97,-0.6441,0.9002,-1.6053,-0.2677
957.36,925.86,807.93,849.82,-0.1673,1.105,0.3029,0.6978
352.63,602.2,582.05,881.65,-1.9264,-0.5761,-1.217,-0.6369
32.15,978.52,513.09,497.36,-0.991,0.7243,0.2214,-0.0581
902.32,701.34,65.89,263.07,1.573,-0.1512,0.2598,-1.4441
593.84,962.88,675.17,75.49,-0.9592,-0.4048,-1.3743,-1.8054
190.2,751.47,301.94,619.86,0.2216,-0.5055,0.0264,-0.0136
543.71,543.58,285.96,570.82,-0.8406,-0.4029,0.5396,0.3061
156.93,740.39,404.13,350.04,-0.4865,2.225,-0.6559,-0.8193
842.98,468.95,744.21,977.14,-2.2289,0.8348,0.7026,1.1109
53.87,159.61,28.37,38.7,0.0106,-1.6192,-0.7623,0.2233
561.15,950.45,858.9,622.64,-0.2114,-1.2447,0.0722,-0.115
32.22,517.46,344.49,719.64,-1.1967,0.5151,0.1222,-0.6073
921.66,117.67,806.08,928.7,-1.5688,-0.6654,0.3625,0.1657
118.84,370.77,510.73,867.35,0.9055,1.1247,-0.8934,0.453
720.66,781.96,407.43,533.77,-1.0082,-1.014,-0.5228,0.5052
835.12,982.03,704.47,381.43,0.0044,-1.0161,-0.3152,-0.8759
261.2,96.56,581.72,153.43,1.3853,0.4787,-0.4787,0.0459
611.44,208.02,155.95,519.51,-0.6759,-0.0562,-0.6379,0.8324
15.04,854.97,906.3,646.29,0.0783,0.69,0.6542,-1.6672
238.55,954.96,751.63,794.64,-1.3437,-1.4284,-0.8473,0.5367
116.23,809.96,547.83,728.84,1.1077,0.1362,-0.5275,1.2633
480.43,893.19,499.69,736.45,-0.781,0.3715,0.3558,0.5993
177.27,186.32,638.01,523.28,1.8937,0.8514,0.4643,-0.5304
676.64,949.34,238.26,53.05,0.6395,-0.4052,-0.1023,-0.3273
547.88,575.03,187.89,160.38,0.1095,-0.1654,0.5233,0.1856
344.51,395.48,663.61,62.4,1.6054,1.1199,0.4694,-0.5198
465.52,407.74,621.32,125.48,-1.9346,-0.2934,-0.8783,-0.5048
782.57,108.93,988.7,339.79,-0.2698,-0.2636,0.3289,-2.2523
525.47,36.38,885.24,530.24,0.6046,0.161,0.0037,0.3179
271.78,909.38,360.36,160.66,-1.4997,-0.9027,-0.6036,-1.9392
540.22,430.32,648.36,51.52,-0.7156,0.3274,0.7954,-1.5636
130.31,185.72,422.0,88.52,-1.6387,0.5858,-1.8678,2.1388
772.13,12.16,177.42,828.58,-2.0892,-0.789,1.7581,-0.7114
467.82,512.91,367.74,393.79,0.2886,1.5154,-0.2424,0.8
342.14,983.43,637.9,28.3,1.334,-2.9746,-0.0157,-0.1365
699.4,643.85,363.82,17.63,0.7253,-0.5705,1.7066,0.2909
892.17,93.14,68.17,716.6,-0.9279,0.478,-0.3182,0.9394
435.74,323.92,719.66,150.57,1.3893,0.5322,-0.2751,-0.1942
971.41,98.14,245.65,972.1,-0.931,-0.659,0.1453,0.2943
708.33,87.36,482.81,319.02,-1.3359,0.2804,-0.4418,-0.4777
982.19,720.9,816.15,419.05,-1.6321,0.062,-0.1946,0.2189
761.67,509.55,42.77,831.08,0.9421,0.0338,0.015,-1.6124
389.95,93.44,503.03,499.54,0.4226,0.4495,0.3006,-0.0163
684.53,14.07,844.18,489.21,-0.5366,1.2271,1.5026,-1.6667
921.15,796.73,531.58,122.91,-0.2479,0.8908,-0.6284,-0.4375
736.79,868.54,620.86,506.28,-0.9884,-0.3916,0.7106,0.5163
685.66,457.84,386.0,529.14,1.3758,-1.3362,-0.6511,-0.5236
450.68,11.21,596.16,683.55,-0.9889,0.3918,-0.2252,-2.1174
558.25,350.04,413.24,185.68,-0.0799,-0.3067,-1.6797,1.1005
686.75,987.27,575.4,701.34,0.262,0.5928,-0.5524,-0.5883
892.08,678.3,517.33,365.08,-0.4193,-1.5015,-0.736,-0.0019
290.99,446.02,911.99,425.56,-0.0802,0.9673,-0.696,0.5616
314.7,352.62,748.52,28.53,-2.8193,0.9907,0.8205,0.7729
523.77,294.28,477.25,338.39,0.9092,1.9633,0.3324,-0.4454
376.59,444.41,896.55,894.01,1.4214,-0.38,1.0174,-2.0806
671.01,751.92,191.46,273.76,-1.6367,0.4862,-0.6651,1.0695
786.23,181.27,24.39,502.43,-1.6441,0.2135,-0.4156,-0.3136
137.19,274.95,79.49,457.24,-0.2242,-1.4876,-0.9425,-1.0385
328.1,488.17,158.72,21.1,0.194,0.182,-0.556,-0.4659
406.72,882.2,113.54,225.0,-0.1513,-0.2087,-1.1053,1.2813
